SKU,Title,Image_Search_URL,Image_Src
ZETLN1050,Zetlight ZN1050 LED 3-in-1,https://www.bing.com/images/search?q=Zetlight%20ZN1050%20LED%203-in-1,
ZETE324WPLANT,Zetlight E3 24W Freshwater Plant,https://www.bing.com/images/search?q=Zetlight%20E3%2024W%20Freshwater%20Plant,
ZETE324WMARINE,Zetlight E3 24W Marine,https://www.bing.com/images/search?q=Zetlight%20E3%2024W%20Marine,
ZETZA1201AI,Zetlight ZA1201AI Marine,https://www.bing.com/images/search?q=Zetlight%20ZA1201AI%20Marine,
ZETO2FRESHWATER,Zetlight O2 Freshwater Hanging Kits,https://www.bing.com/images/search?q=Zetlight%20O2%20Freshwater%20Hanging%20Kits,
ZETUFO8PRO,Zetlight UFO F8 PRO Algae Bursting,https://www.bing.com/images/search?q=Zetlight%20UFO%20F8%20PRO%20Algae%20Bursting,
ZETX966WMARINE,Zetlight X9 66W Marine RGB,https://www.bing.com/images/search?q=Zetlight%20X9%2066W%20Marine%20RGB,
ZETX9PRO96W,Zetlight X9 PRO 96W Marine RGB,https://www.bing.com/images/search?q=Zetlight%20X9%20PRO%2096W%20Marine%20RGB,
ZETQMAVEN90,Zetlight Qmaven II Q6-90 Marine,https://www.bing.com/images/search?q=Zetlight%20Qmaven%20II%20Q6-90%20Marine,
ZETQMAVEN120,Zetlight Qmaven II Q6-120 Marine,https://www.bing.com/images/search?q=Zetlight%20Qmaven%20II%20Q6-120%20Marine,
CHIAII301,Chihiros AII 301 30cm Bluetooth,https://www.bing.com/images/search?q=Chihiros%20AII%20301%2030cm%20Bluetooth,
CHIAII361,Chihiros AII 361 36cm Bluetooth,https://www.bing.com/images/search?q=Chihiros%20AII%20361%2036cm%20Bluetooth,
CHIAII451,Chihiros AII 451 45cm Bluetooth,https://www.bing.com/images/search?q=Chihiros%20AII%20451%2045cm%20Bluetooth,
CHIAII601,Chihiros AII 601 60cm Bluetooth,https://www.bing.com/images/search?q=Chihiros%20AII%20601%2060cm%20Bluetooth,
CHIAII801,Chihiros AII 801 80cm Bluetooth,https://www.bing.com/images/search?q=Chihiros%20AII%20801%2080cm%20Bluetooth,
CHIAII901,Chihiros AII 901 90cm Bluetooth,https://www.bing.com/images/search?q=Chihiros%20AII%20901%2090cm%20Bluetooth,
CHIAII1201,Chihiros AII 1201 120cm Bluetooth,https://www.bing.com/images/search?q=Chihiros%20AII%201201%20120cm%20Bluetooth,
CHIWRGB2S30,Chihiros WRGB II SLIM 30 Plant,https://www.bing.com/images/search?q=Chihiros%20WRGB%20II%20SLIM%2030%20Plant,
CHIWRGB2S45,Chihiros WRGB II SLIM 45 Plant,https://www.bing.com/images/search?q=Chihiros%20WRGB%20II%20SLIM%2045%20Plant,
CHIWRGB2S60,Chihiros WRGB II SLIM 60 Plant,https://www.bing.com/images/search?q=Chihiros%20WRGB%20II%20SLIM%2060%20Plant,
CHIWRGB2S90,Chihiros WRGB II SLIM 90 Plant,https://www.bing.com/images/search?q=Chihiros%20WRGB%20II%20SLIM%2090%20Plant,
CHIWRGB2S120,Chihiros WRGB II SLIM 120 Plant,https://www.bing.com/images/search?q=Chihiros%20WRGB%20II%20SLIM%20120%20Plant,
CHICII,Chihiros CII RGB Plant,https://www.bing.com/images/search?q=Chihiros%20CII%20RGB%20Plant,
CHIZLIGHT,Chihiros Z Light Tiny 6W LED,https://www.bing.com/images/search?q=Chihiros%20Z%20Light%20Tiny%206W%20LED,
CHIRGBVIVID,Chihiros RGB VIVID MINI 75W Plant,https://www.bing.com/images/search?q=Chihiros%20RGB%20VIVID%20MINI%2075W%20Plant,
CHIRGBVIVID2,Chihiros RGB VIVID II 10th Edition 130W,https://www.bing.com/images/search?q=Chihiros%20RGB%20VIVID%20II%2010th%20Edition%20130W,
CHIWRGBVIVID3,Chihiros WRGB VIVID3 BLACK 180W,https://www.bing.com/images/search?q=Chihiros%20WRGB%20VIVID3%20BLACK%20180W,
CHIWRGB2P60,Chihiros WRGB2 PRO 60 74W Plant,https://www.bing.com/images/search?q=Chihiros%20WRGB2%20PRO%2060%2074W%20Plant,
CHIWRGB2P90,Chihiros WRGB2 PRO 90 110W Plant,https://www.bing.com/images/search?q=Chihiros%20WRGB2%20PRO%2090%20110W%20Plant,
CHIWRGB2P120,Chihiros WRGB2 PRO 120 138W Plant,https://www.bing.com/images/search?q=Chihiros%20WRGB2%20PRO%20120%20138W%20Plant,
AQUAPRON2REG,Aquapro N Series CO2 Regulator,https://www.bing.com/images/search?q=Aquapro%20N%20Series%20CO2%20Regulator,
CHITINYCO2,Chihiros Tiny CO2 Diffuser,https://www.bing.com/images/search?q=Chihiros%20Tiny%20CO2%20Diffuser,
CHICO2REG,Chihiros CO2 Regulator,https://www.bing.com/images/search?q=Chihiros%20CO2%20Regulator,
CHICO2REGPRO,Chihiros CO2 Regulator PRO,https://www.bing.com/images/search?q=Chihiros%20CO2%20Regulator%20PRO,
CHIMANIFOLDB,Chihiros CO2 Manifold Block,https://www.bing.com/images/search?q=Chihiros%20CO2%20Manifold%20Block,
CHICO2GENKIT,Chihiros CO2 Generator Kit 2.5L,https://www.bing.com/images/search?q=Chihiros%20CO2%20Generator%20Kit%202.5L,
SOBOPD1,Sobo PD1 DC USB Pump 200L/H,https://www.bing.com/images/search?q=Sobo%20PD1%20DC%20USB%20Pump%20200L/H,
SOBOWP3200,Sobo WP3200 Submersible 300L/H,https://www.bing.com/images/search?q=Sobo%20WP3200%20Submersible%20300L/H,
SOBOWP3300,Sobo WP3300 Submersible 600L/H,https://www.bing.com/images/search?q=Sobo%20WP3300%20Submersible%20600L/H,
SOBOWP3400,Sobo WP3400 Submersible 880L/H,https://www.bing.com/images/search?q=Sobo%20WP3400%20Submersible%20880L/H,
SOBOWP3500,Sobo WP3500 Submersible 1200L/H,https://www.bing.com/images/search?q=Sobo%20WP3500%20Submersible%201200L/H,
SOBOWP4000,Sobo WP4000 Submersible 2000L/H,https://www.bing.com/images/search?q=Sobo%20WP4000%20Submersible%202000L/H,
SOBOWP5000,Sobo WP5000 Submersible 3000L/H,https://www.bing.com/images/search?q=Sobo%20WP5000%20Submersible%203000L/H,
SOBOWP6000,Sobo WP6000 Submersible 4000L/H,https://www.bing.com/images/search?q=Sobo%20WP6000%20Submersible%204000L/H,
SOBOWP7000,Sobo WP7000 Submersible 5000L/H,https://www.bing.com/images/search?q=Sobo%20WP7000%20Submersible%205000L/H,
SOBOWP8000,Sobo WP8000 Submersible 6000L/H,https://www.bing.com/images/search?q=Sobo%20WP8000%20Submersible%206000L/H,
SOBOBO9000A,Sobo BO9000A Amphibious 9000L/H,https://www.bing.com/images/search?q=Sobo%20BO9000A%20Amphibious%209000L/H,
SOBOBO12000A,Sobo BO12000A Amphibious 12000L/H,https://www.bing.com/images/search?q=Sobo%20BO12000A%20Amphibious%2012000L/H,
SOBOBO14000A,Sobo BO14000A Amphibious 14000L/H,https://www.bing.com/images/search?q=Sobo%20BO14000A%20Amphibious%2014000L/H,
SOBOBO16000A,Sobo BO16000A Amphibious 16000L/H,https://www.bing.com/images/search?q=Sobo%20BO16000A%20Amphibious%2016000L/H,
SOBOWP2200,Sobo WP2200 Water Pump 2000L/H,https://www.bing.com/images/search?q=Sobo%20WP2200%20Water%20Pump%202000L/H,
SOBOWP4200,Sobo WP4200 Water Pump 3000L/H,https://www.bing.com/images/search?q=Sobo%20WP4200%20Water%20Pump%203000L/H,
SOBOWP5200,Sobo WP5200 Water Pump 3500L/H,https://www.bing.com/images/search?q=Sobo%20WP5200%20Water%20Pump%203500L/H,
SOBOWP7200,Sobo WP7200 Water Pump 5500L/H,https://www.bing.com/images/search?q=Sobo%20WP7200%20Water%20Pump%205500L/H,
SOBOWP9200,Sobo WP9200 Submersible 2400L/H,https://www.bing.com/images/search?q=Sobo%20WP9200%20Submersible%202400L/H,
SOBOWP9600,Sobo WP9600 Submersible 3200L/H,https://www.bing.com/images/search?q=Sobo%20WP9600%20Submersible%203200L/H,
SOBOWP9900,Sobo WP9900 Submersible 5000L/H,https://www.bing.com/images/search?q=Sobo%20WP9900%20Submersible%205000L/H,
SOBOWP10800,Sobo WP10800 Submersible 8000L/H,https://www.bing.com/images/search?q=Sobo%20WP10800%20Submersible%208000L/H,
SOBOSF1500DC,Sobo SF1500 DC Amphibious 1800L/H,https://www.bing.com/images/search?q=Sobo%20SF1500%20DC%20Amphibious%201800L/H,
SOBOSF2000DC,Sobo SF2000 DC Amphibious 2000L/H,https://www.bing.com/images/search?q=Sobo%20SF2000%20DC%20Amphibious%202000L/H,
SOBOSF3000DC,Sobo SF3000 DC Amphibious 3000L/H,https://www.bing.com/images/search?q=Sobo%20SF3000%20DC%20Amphibious%203000L/H,
SOBOSF4000DC,Sobo SF4000 DC Amphibious 4000L/H,https://www.bing.com/images/search?q=Sobo%20SF4000%20DC%20Amphibious%204000L/H,
SOBOSF5000DC,Sobo SF5000 DC Amphibious 5000L/H,https://www.bing.com/images/search?q=Sobo%20SF5000%20DC%20Amphibious%205000L/H,
SOBOSF6000DC,Sobo SF6000 DC Amphibious 6000L/H,https://www.bing.com/images/search?q=Sobo%20SF6000%20DC%20Amphibious%206000L/H,
SOBOSF8000DC,Sobo SF8000 DC Amphibious 8000L/H,https://www.bing.com/images/search?q=Sobo%20SF8000%20DC%20Amphibious%208000L/H,
SOBOSF10000DC,Sobo SF10000 DC Amphibious 10000L/H,https://www.bing.com/images/search?q=Sobo%20SF10000%20DC%20Amphibious%2010000L/H,
SOBOSF12000DC,Sobo SF12000 DC Amphibious 12000L/H,https://www.bing.com/images/search?q=Sobo%20SF12000%20DC%20Amphibious%2012000L/H,
SOBOWP50M,Sobo WP50M Wavemaker 1000L/H,https://www.bing.com/images/search?q=Sobo%20WP50M%20Wavemaker%201000L/H,
SOBOWP100M,Sobo WP100M Wavemaker 3000L/H,https://www.bing.com/images/search?q=Sobo%20WP100M%20Wavemaker%203000L/H,
SOBOWP200M,Sobo WP200M Wavemaker 5000L/H,https://www.bing.com/images/search?q=Sobo%20WP200M%20Wavemaker%205000L/H,
SOBOWP300M,Sobo WP300M Wavemaker 7500L/H,https://www.bing.com/images/search?q=Sobo%20WP300M%20Wavemaker%207500L/H,
SOBOWP400M,Sobo WP400M Wavemaker 10000L/H,https://www.bing.com/images/search?q=Sobo%20WP400M%20Wavemaker%2010000L/H,
SOBOWP800M,Sobo WP800M Wavemaker 20000L/H,https://www.bing.com/images/search?q=Sobo%20WP800M%20Wavemaker%2020000L/H,
BMROCKWP600,Bubble Magus Rock WP600 680L/H,https://www.bing.com/images/search?q=Bubble%20Magus%20Rock%20WP600%20680L/H,
BMROCKWP1000,Bubble Magus Rock WP1000 1100L/H,https://www.bing.com/images/search?q=Bubble%20Magus%20Rock%20WP1000%201100L/H,
BMROCKWP2000,Bubble Magus Rock WP2000 2100L/H,https://www.bing.com/images/search?q=Bubble%20Magus%20Rock%20WP2000%202100L/H,
BMROCKWP4000,Bubble Magus Rock WP4000 4100L/H,https://www.bing.com/images/search?q=Bubble%20Magus%20Rock%20WP4000%204100L/H,
BMSP600,Bubble Magus SP600 Skimmer Pump,https://www.bing.com/images/search?q=Bubble%20Magus%20SP600%20Skimmer%20Pump,
BMSP1000,Bubble Magus SP1000 Skimmer Pump,https://www.bing.com/images/search?q=Bubble%20Magus%20SP1000%20Skimmer%20Pump,
BMSP1500,Bubble Magus SP1500 Skimmer Pump,https://www.bing.com/images/search?q=Bubble%20Magus%20SP1500%20Skimmer%20Pump,
BMSP2000,Bubble Magus SP2000 Skimmer Pump,https://www.bing.com/images/search?q=Bubble%20Magus%20SP2000%20Skimmer%20Pump,
BMSP4000,Bubble Magus SP4000 Skimmer Pump,https://www.bing.com/images/search?q=Bubble%20Magus%20SP4000%20Skimmer%20Pump,
BMDSP4000,Bubble Magus DSP4000 Skimmer Pump,https://www.bing.com/images/search?q=Bubble%20Magus%20DSP4000%20Skimmer%20Pump,
BMSP6000,Bubble Magus SP6000 Skimmer Pump,https://www.bing.com/images/search?q=Bubble%20Magus%20SP6000%20Skimmer%20Pump,
BMSP8000,Bubble Magus SP8000 Skimmer Pump,https://www.bing.com/images/search?q=Bubble%20Magus%20SP8000%20Skimmer%20Pump,
BMSP10000,Bubble Magus SP10000 Skimmer Pump,https://www.bing.com/images/search?q=Bubble%20Magus%20SP10000%20Skimmer%20Pump,
JEBMOW3,Jebao MOW3 Smart Wavemaker 3000L/H,https://www.bing.com/images/search?q=Jebao%20MOW3%20Smart%20Wavemaker%203000L/H,
JEBMOW5,Jebao MOW5 Smart Wavemaker 5000L/H,https://www.bing.com/images/search?q=Jebao%20MOW5%20Smart%20Wavemaker%205000L/H,
JEBMOW9,Jebao MOW9 Smart Wavemaker 9000L/H,https://www.bing.com/images/search?q=Jebao%20MOW9%20Smart%20Wavemaker%209000L/H,
JEBMOW16,Jebao MOW16 Smart Wavemaker 16000L/H,https://www.bing.com/images/search?q=Jebao%20MOW16%20Smart%20Wavemaker%2016000L/H,
JEBMOW22,Jebao MOW22 Smart Wavemaker 22000L/H,https://www.bing.com/images/search?q=Jebao%20MOW22%20Smart%20Wavemaker%2022000L/H,
XYBIOCHEM168,XY168 Biochemical Sponge Filter,https://www.bing.com/images/search?q=XY168%20Biochemical%20Sponge%20Filter,
XYBIOSPONG2820,XY2820 BioSponge Filter Medium,https://www.bing.com/images/search?q=XY2820%20BioSponge%20Filter%20Medium,
XYBIOSPONG2830,XY2830 BioSponge Filter Large,https://www.bing.com/images/search?q=XY2830%20BioSponge%20Filter%20Large,
XYBIOSPONG2831,XY2831 BioSponge Filter XL,https://www.bing.com/images/search?q=XY2831%20BioSponge%20Filter%20XL,
XYBIOSPONG2822,XY2822 BioSponge Filter XXL,https://www.bing.com/images/search?q=XY2822%20BioSponge%20Filter%20XXL,
XYBIOFOAM2011,XY2011 Biological Corner Foam Filter,https://www.bing.com/images/search?q=XY2011%20Biological%20Corner%20Foam%20Filter,
XYBIOFOAM2008,XY2008 Biological Corner Foam Filter,https://www.bing.com/images/search?q=XY2008%20Biological%20Corner%20Foam%20Filter,
XYBIOFOAM2010,XY2010 Biological Corner Foam Filter,https://www.bing.com/images/search?q=XY2010%20Biological%20Corner%20Foam%20Filter,
XYNITRITE0121,XY0121 Nitrite Nitrate Removing Filter Sponge,https://www.bing.com/images/search?q=XY0121%20Nitrite%20Nitrate%20Removing%20Filter%20Sponge,
XYPHOSPHATE0122,XY0122 Phosphate Removing Filter Sponge,https://www.bing.com/images/search?q=XY0122%20Phosphate%20Removing%20Filter%20Sponge,
XYAMMONIA0123,XY0123 Ammonia Removing Filter Sponge,https://www.bing.com/images/search?q=XY0123%20Ammonia%20Removing%20Filter%20Sponge,
XYCARBON0124,XY0124 Super Activated Carbon Sponge,https://www.bing.com/images/search?q=XY0124%20Super%20Activated%20Carbon%20Sponge,
XYNITRITE0125,XY0125 Nitrite Nitrate Removing Large Sponge,https://www.bing.com/images/search?q=XY0125%20Nitrite%20Nitrate%20Removing%20Large%20Sponge,
XYPHOSPHATE0126,XY0126 Phosphate Removing Large Sponge,https://www.bing.com/images/search?q=XY0126%20Phosphate%20Removing%20Large%20Sponge,
XYNITRITE0127,XY0127 Nitrite Nitrate Large Sponge,https://www.bing.com/images/search?q=XY0127%20Nitrite%20Nitrate%20Large%20Sponge,
XYPHOSPHATE0128,XY0128 Phosphate Removing Large Sponge,https://www.bing.com/images/search?q=XY0128%20Phosphate%20Removing%20Large%20Sponge,
XYBREEDERBOX,External Cycle Breeder Box Small,https://www.bing.com/images/search?q=External%20Cycle%20Breeder%20Box%20Small,
XYBREEDBXL,External Cycle Breeder Box Large,https://www.bing.com/images/search?q=External%20Cycle%20Breeder%20Box%20Large,
ANBREEDER2,AN2 Aquarium Fish Breeding Box,https://www.bing.com/images/search?q=AN2%20Aquarium%20Fish%20Breeding%20Box,
BBTBETTA2S,BBT2S Betta Single Bow Fish Tank,https://www.bing.com/images/search?q=BBT2S%20Betta%20Single%20Bow%20Fish%20Tank,
BBTBETTA3S,BBT3S Betta Double Bow Fish Tank,https://www.bing.com/images/search?q=BBT3S%20Betta%20Double%20Bow%20Fish%20Tank,
BBTBETTA4S,BBT4S Betta Triple Bow Fish Tank,https://www.bing.com/images/search?q=BBT4S%20Betta%20Triple%20Bow%20Fish%20Tank,
BUBBLEWALL7,Bubble Wall Air Stone 7 inch,https://www.bing.com/images/search?q=Bubble%20Wall%20Air%20Stone%207%20inch,
BUBBLEWALL10,Bubble Wall Air Stone 10 inch,https://www.bing.com/images/search?q=Bubble%20Wall%20Air%20Stone%2010%20inch,
BUBBLEWALL14,Bubble Wall Air Stone 14 inch,https://www.bing.com/images/search?q=Bubble%20Wall%20Air%20Stone%2014%20inch,
BUBBLEWALL18,Bubble Wall Air Stone 18 inch,https://www.bing.com/images/search?q=Bubble%20Wall%20Air%20Stone%2018%20inch,
BUBBLEWALL23,Bubble Wall Air Stone 23 inch,https://www.bing.com/images/search?q=Bubble%20Wall%20Air%20Stone%2023%20inch,
VENYUGF20,Venys Undergravel Filter 20,https://www.bing.com/images/search?q=Venys%20Undergravel%20Filter%2020,
VENYUGF29,Venys Undergravel Filter 29,https://www.bing.com/images/search?q=Venys%20Undergravel%20Filter%2029,
VENYUGF30,Venys Undergravel Filter 30,https://www.bing.com/images/search?q=Venys%20Undergravel%20Filter%2030,
VENYUGF55,Venys Undergravel Filter 55,https://www.bing.com/images/search?q=Venys%20Undergravel%20Filter%2055,
FILTERMEDIA15,Filter Media Net Bag 15x20cm,https://www.bing.com/images/search?q=Filter%20Media%20Net%20Bag%2015x20cm,
FILTERMEDIA28,Filter Media Net Bag 28x32cm,https://www.bing.com/images/search?q=Filter%20Media%20Net%20Bag%2028x32cm,
CERAMTUBE,Far-infrared Ceramic Tube Single,https://www.bing.com/images/search?q=Far-infrared%20Ceramic%20Tube%20Single,
CERAMTUBEBOX,Far-infrared Ceramic Tube Box 154pcs,https://www.bing.com/images/search?q=Far-infrared%20Ceramic%20Tube%20Box%20154pcs,
ABSCLIP6MM,ABS Clips Glass Lid 6mm 4pcs,https://www.bing.com/images/search?q=ABS%20Clips%20Glass%20Lid%206mm%204pcs,
ABSCLIP8MM,ABS Clips Glass Lid 8mm 4pcs,https://www.bing.com/images/search?q=ABS%20Clips%20Glass%20Lid%208mm%204pcs,
BRIESHRIMP,Brine Shrimp Hatch Kit,https://www.bing.com/images/search?q=Brine%20Shrimp%20Hatch%20Kit,
LONDA10L,Londa 10L Koi Feeder,https://www.bing.com/images/search?q=Londa%2010L%20Koi%20Feeder,
SOLARFEEDER,Solar Auto Pond Feeder,https://www.bing.com/images/search?q=Solar%20Auto%20Pond%20Feeder,
TELESCOPICCL,Telescopic Aquarium Cleaning Kit 5 in 1,https://www.bing.com/images/search?q=Telescopic%20Aquarium%20Cleaning%20Kit%205%20in%201,
BATTERYVACU,Battery Operated Aquarium Vacuum Cleaner,https://www.bing.com/images/search?q=Battery%20Operated%20Aquarium%20Vacuum%20Cleaner,
DIGITHERM,Digital Aquarium Thermometer,https://www.bing.com/images/search?q=Digital%20Aquarium%20Thermometer,
LEDTHERM,LED Thermometer Strip,https://www.bing.com/images/search?q=LED%20Thermometer%20Strip,
ANTIFLBAG1,Anti Overflow Filter Bag,https://www.bing.com/images/search?q=Anti%20Overflow%20Filter%20Bag,
ANTIFLBAG2,Anti Overflow Honeycomb Filter Bag,https://www.bing.com/images/search?q=Anti%20Overflow%20Honeycomb%20Filter%20Bag,
CARBONSPONGE,Carbon Sponge 50x50x4cm,https://www.bing.com/images/search?q=Carbon%20Sponge%2050x50x4cm,
LIVEPLANT001,Live Marcgravia Umbellata Plant,https://www.bing.com/images/search?q=Live%20Marcgravia%20Umbellata%20Plant,
LIVEPLANT002,Live Sphagnum Moss,https://www.bing.com/images/search?q=Live%20Sphagnum%20Moss,
LIVEPLANT003,Live Premium Cushion Moss,https://www.bing.com/images/search?q=Live%20Premium%20Cushion%20Moss,
LIVEPLANT004,Live Racomitrium Moss,https://www.bing.com/images/search?q=Live%20Racomitrium%20Moss,
LIVEPLANT005,Live Hypnum Moss,https://www.bing.com/images/search?q=Live%20Hypnum%20Moss,
LIVEPLANT006,Live Racopilum Cuspidigerum Plant,https://www.bing.com/images/search?q=Live%20Racopilum%20Cuspidigerum%20Plant,
LANGAS8L,Langa Soil 8L Bag,https://www.bing.com/images/search?q=Langa%20Soil%208L%20Bag,
LANGAS8LX3,Langa Soil 8L x3 Box,https://www.bing.com/images/search?q=Langa%20Soil%208L%20x3%20Box,
LANGAS4L,Langa Soil 4L Bag,https://www.bing.com/images/search?q=Langa%20Soil%204L%20Bag,
LANGAS4LX6,Langa Soil 4L x6 Box,https://www.bing.com/images/search?q=Langa%20Soil%204L%20x6%20Box,
LANGASUP,Langa Soil Supplement 120g,https://www.bing.com/images/search?q=Langa%20Soil%20Supplement%20120g,
GLASS150X150X250,150x150x250 5mm Glass Tank,https://www.bing.com/images/search?q=150x150x250%205mm%20Glass%20Tank,
GLASS150X150X300,150x150x300 5mm Glass Tank,https://www.bing.com/images/search?q=150x150x300%205mm%20Glass%20Tank,
GLASS200X200X200,200x200x200 5mm Glass Tank,https://www.bing.com/images/search?q=200x200x200%205mm%20Glass%20Tank,
GLASS200X200X300,200x200x300 5mm Glass Tank,https://www.bing.com/images/search?q=200x200x300%205mm%20Glass%20Tank,
GLASS200X200X350,200x200x350 5mm Glass Tank,https://www.bing.com/images/search?q=200x200x350%205mm%20Glass%20Tank,
GLASS300X180X120,300x180x120 5mm Glass Tank,https://www.bing.com/images/search?q=300x180x120%205mm%20Glass%20Tank,
GLASS300X300X450,300x300x450 5mm Glass Tank,https://www.bing.com/images/search?q=300x300x450%205mm%20Glass%20Tank,
GLASS900X450X450,900x450x450 10mm Ultra Clear Glass Tank,https://www.bing.com/images/search?q=900x450x450%2010mm%20Ultra%20Clear%20Glass%20Tank,
BETTABED001,Betta Bed with Suction Cup A,https://www.bing.com/images/search?q=Betta%20Bed%20with%20Suction%20Cup%20A,
BETTABED002,Betta Bed with Suction Cup B,https://www.bing.com/images/search?q=Betta%20Bed%20with%20Suction%20Cup%20B,
BETTABED003,Betta Bed with Suction Cup C,https://www.bing.com/images/search?q=Betta%20Bed%20with%20Suction%20Cup%20C,
BETTABED004,Betta Bed with Clear Tube D,https://www.bing.com/images/search?q=Betta%20Bed%20with%20Clear%20Tube%20D,
ORNAMENT004,SpongeBob Pineapple Home Ornament,https://www.bing.com/images/search?q=SpongeBob%20Pineapple%20Home%20Ornament,
ORNAMENT005,SpongeBob Home Set 3pcs Ornament,https://www.bing.com/images/search?q=SpongeBob%20Home%20Set%203pcs%20Ornament,
ORNAMENT006,Mermaid and Pink Seahorse Ornament,https://www.bing.com/images/search?q=Mermaid%20and%20Pink%20Seahorse%20Ornament,
ORNAMENT007,Mermaid and Blue Seahorse Ornament,https://www.bing.com/images/search?q=Mermaid%20and%20Blue%20Seahorse%20Ornament,
ORNAMENT008,Mermaid Ornament 15x12x6,https://www.bing.com/images/search?q=Mermaid%20Ornament%2015x12x6,
ORNAMENT009,Mermaid Ornament 14x15x6 Large,https://www.bing.com/images/search?q=Mermaid%20Ornament%2014x15x6%20Large,
ORNAMENT010,Shipwreck Ornament,https://www.bing.com/images/search?q=Shipwreck%20Ornament,
ORNAMENT011,Old Submarine Ornament,https://www.bing.com/images/search?q=Old%20Submarine%20Ornament,
ORNAMENT012,UFO Ornament,https://www.bing.com/images/search?q=UFO%20Ornament,
ORNAMENT013,Star Wars Walker Ornament Small,https://www.bing.com/images/search?q=Star%20Wars%20Walker%20Ornament%20Small,
ORNAMENT014,Star Wars Walker Ornament Large,https://www.bing.com/images/search?q=Star%20Wars%20Walker%20Ornament%20Large,
ORNAMENT015,Coast Guard Boat Shipwreck Ornament,https://www.bing.com/images/search?q=Coast%20Guard%20Boat%20Shipwreck%20Ornament,
ORNAMENT016,VW Combi Ornament,https://www.bing.com/images/search?q=VW%20Combi%20Ornament,
ORNAMENT017,Sunken Ship Octopus Design Ornament,https://www.bing.com/images/search?q=Sunken%20Ship%20Octopus%20Design%20Ornament,
ORNAMENT018,Egyptian Sphinx Ornament,https://www.bing.com/images/search?q=Egyptian%20Sphinx%20Ornament,
ORNAMENT019,Tree Man Ornament 12x11x23,https://www.bing.com/images/search?q=Tree%20Man%20Ornament%2012x11x23,
ORNAMENT020,Tree Man Ornament 14x12x18 Large,https://www.bing.com/images/search?q=Tree%20Man%20Ornament%2014x12x18%20Large,
ORNAMENT021,Skull Arch Ornament,https://www.bing.com/images/search?q=Skull%20Arch%20Ornament,
ORNAMENT022,Gargoyle Ornament,https://www.bing.com/images/search?q=Gargoyle%20Ornament,
ORNAMENT023,Mechanical Skeleton Ornament,https://www.bing.com/images/search?q=Mechanical%20Skeleton%20Ornament,
ORNAMENT024,Mechanical Fish Ornament,https://www.bing.com/images/search?q=Mechanical%20Fish%20Ornament,
ORNAMENT025,Baby Groot Ornament,https://www.bing.com/images/search?q=Baby%20Groot%20Ornament,
ORNAMENT026,Groot with Air Stone Ornament,https://www.bing.com/images/search?q=Groot%20with%20Air%20Stone%20Ornament,
ORNAMENT027,Popetpop Ornament,https://www.bing.com/images/search?q=Popetpop%20Ornament,
ORNAMENT028,General Ornament 7x10x12,https://www.bing.com/images/search?q=General%20Ornament%207x10x12,
ORNAMENT029,Meditation Buddha Statue Ornament,https://www.bing.com/images/search?q=Meditation%20Buddha%20Statue%20Ornament,
ORNAMENT030,Ancient Buddha Ornament,https://www.bing.com/images/search?q=Ancient%20Buddha%20Ornament,
ORNAMENT031,Swim School Shack Ornament,https://www.bing.com/images/search?q=Swim%20School%20Shack%20Ornament,
ORNAMENT032,Deco Castle Ornament,https://www.bing.com/images/search?q=Deco%20Castle%20Ornament,
ORNAMENT033,Magical Castle Pink Ornament,https://www.bing.com/images/search?q=Magical%20Castle%20Pink%20Ornament,
ORNAMENT034,Magical Castle Brown Ornament,https://www.bing.com/images/search?q=Magical%20Castle%20Brown%20Ornament,
ORNAMENT035,Mountain Level Steps Moss Ornament,https://www.bing.com/images/search?q=Mountain%20Level%20Steps%20Moss%20Ornament,
ORNAMENT036,Dragon Layer 7pcs Set Ornament,https://www.bing.com/images/search?q=Dragon%20Layer%207pcs%20Set%20Ornament,
ORNAMENT037,Landscape Pavilion Tree Ornament,https://www.bing.com/images/search?q=Landscape%20Pavilion%20Tree%20Ornament,
ORNAMENT001,Lotus Pods Decoration,https://www.bing.com/images/search?q=Lotus%20Pods%20Decoration,
ORNAMENT002,Indian Almond Leaves 9-11pcs,https://www.bing.com/images/search?q=Indian%20Almond%20Leaves%209-11pcs,
ORNAMENT003,Lava Rock Plant Holder,https://www.bing.com/images/search?q=Lava%20Rock%20Plant%20Holder,
ROCKDRAG25,Alveolate Rock Dragon Rock 25kg,https://www.bing.com/images/search?q=Alveolate%20Rock%20Dragon%20Rock%2025kg,
ROCKSCEN20,Scenery Aquarium Rock 20kg,https://www.bing.com/images/search?q=Scenery%20Aquarium%20Rock%2020kg,
ROCKVBLACK20,Volcano Rock Black 20kg,https://www.bing.com/images/search?q=Volcano%20Rock%20Black%2020kg,
ROCKVRED20,Volcano Rock Red 20kg,https://www.bing.com/images/search?q=Volcano%20Rock%20Red%2020kg,
ROCKREEF12,Reef Rock 12kg,https://www.bing.com/images/search?q=Reef%20Rock%2012kg,
DRAGONBOT,Dragon Rock Bottle Mix,https://www.bing.com/images/search?q=Dragon%20Rock%20Bottle%20Mix,
SCENERYBOT,Scenery Rock Bottle Mix,https://www.bing.com/images/search?q=Scenery%20Rock%20Bottle%20Mix,
MINILAVA35,Mini Lava Rock 3-5mm,https://www.bing.com/images/search?q=Mini%20Lava%20Rock%203-5mm,
MINILAVA68,Mini Lava Rock 6-8mm,https://www.bing.com/images/search?q=Mini%20Lava%20Rock%206-8mm,
MINILAVA1215,Mini Lava Rock 12-15mm,https://www.bing.com/images/search?q=Mini%20Lava%20Rock%2012-15mm,
AKADAMA14L,Akadama Bonsai Soil 1-3mm 14L,https://www.bing.com/images/search?q=Akadama%20Bonsai%20Soil%201-3mm%2014L,
DRIFTWD001,Christmas Tree Bonsai Driftwood,https://www.bing.com/images/search?q=Christmas%20Tree%20Bonsai%20Driftwood,
DRIFTWD002,DR0817B S Wave Bonsai Driftwood,https://www.bing.com/images/search?q=DR0817B%20S%20Wave%20Bonsai%20Driftwood,
DRIFTWD003,DR0817B M Wave Bonsai Driftwood,https://www.bing.com/images/search?q=DR0817B%20M%20Wave%20Bonsai%20Driftwood,
DRIFTWD004,DR0817B L Wave Bonsai Driftwood,https://www.bing.com/images/search?q=DR0817B%20L%20Wave%20Bonsai%20Driftwood,
DRIFTWD005,DR0817A S Weeping Bonsai Driftwood,https://www.bing.com/images/search?q=DR0817A%20S%20Weeping%20Bonsai%20Driftwood,
DRIFTWD006,DR0817A MS Weeping Bonsai Driftwood,https://www.bing.com/images/search?q=DR0817A%20MS%20Weeping%20Bonsai%20Driftwood,
DRIFTWD007,DR0817 SSS Bonsai Driftwood,https://www.bing.com/images/search?q=DR0817%20SSS%20Bonsai%20Driftwood,
DRIFTWD008,DR0817 SS Bonsai Driftwood,https://www.bing.com/images/search?q=DR0817%20SS%20Bonsai%20Driftwood,
DRIFTWD009,DR0817 MS Bonsai Driftwood,https://www.bing.com/images/search?q=DR0817%20MS%20Bonsai%20Driftwood,
DRIFTWD010,DR0817 ML Bonsai Driftwood,https://www.bing.com/images/search?q=DR0817%20ML%20Bonsai%20Driftwood,
DRIFTWD011,Bonsai Tree Driftwood Large,https://www.bing.com/images/search?q=Bonsai%20Tree%20Driftwood%20Large,
SPIDERWD20,Spider Wood 20kg Bag,https://www.bing.com/images/search?q=Spider%20Wood%2020kg%20Bag,
SPIDERWDBRANCH,Spider Wood Branches 15-30cm,https://www.bing.com/images/search?q=Spider%20Wood%20Branches%2015-30cm,
CORKBARK,Cork Bark Origin China 7.5kg,https://www.bing.com/images/search?q=Cork%20Bark%20Origin%20China%207.5kg,
CORKTUBE,Cork Tubes Origin Portugal 12kg,https://www.bing.com/images/search?q=Cork%20Tubes%20Origin%20Portugal%2012kg,
GLOWDARK50,Glow in Dark Rocks 50pcs,https://www.bing.com/images/search?q=Glow%20in%20Dark%20Rocks%2050pcs,
BG30DOUBLESIDE9019,30cm Double Side 9019/9063 Background,https://www.bing.com/images/search?q=30cm%20Double%20Side%209019/9063%20Background,
BG40DOUBLESIDE9019,40cm Double Side 9019/9063 Background,https://www.bing.com/images/search?q=40cm%20Double%20Side%209019/9063%20Background,
BG50DOUBLESIDE9019,50cm Double Side 9019/9063 Background,https://www.bing.com/images/search?q=50cm%20Double%20Side%209019/9063%20Background,
BG60DOUBLESIDE9019,60cm Double Side 9019/9063 Background,https://www.bing.com/images/search?q=60cm%20Double%20Side%209019/9063%20Background,
BG70DOUBLESIDE9019,70cm Double Side 9019/9063 Background,https://www.bing.com/images/search?q=70cm%20Double%20Side%209019/9063%20Background,
BG80DOUBLESIDE9019,80cm Double Side 9019/9063 Background,https://www.bing.com/images/search?q=80cm%20Double%20Side%209019/9063%20Background,
BG30DOUBLESIDE9037,30cm Double Side 9037/9057 Background,https://www.bing.com/images/search?q=30cm%20Double%20Side%209037/9057%20Background,
BG40DOUBLESIDE9037,40cm Double Side 9037/9057 Background,https://www.bing.com/images/search?q=40cm%20Double%20Side%209037/9057%20Background,
BG50DOUBLESIDE9037,50cm Double Side 9037/9057 Background,https://www.bing.com/images/search?q=50cm%20Double%20Side%209037/9057%20Background,
BG60DOUBLESIDE9037,60cm Double Side 9037/9057 Background,https://www.bing.com/images/search?q=60cm%20Double%20Side%209037/9057%20Background,
BG70DOUBLESIDE9037,70cm Double Side 9037/9057 Background,https://www.bing.com/images/search?q=70cm%20Double%20Side%209037/9057%20Background,
BG80DOUBLESIDE9037,80cm Double Side 9037/9057 Background,https://www.bing.com/images/search?q=80cm%20Double%20Side%209037/9057%20Background,
BG30DOUBLESIDE9086,30cm Double Side 9086/9087 Background,https://www.bing.com/images/search?q=30cm%20Double%20Side%209086/9087%20Background,
BG40DOUBLESIDE9086,40cm Double Side 9086/9087 Background,https://www.bing.com/images/search?q=40cm%20Double%20Side%209086/9087%20Background,
BG50DOUBLESIDE9086,50cm Double Side 9086/9087 Background,https://www.bing.com/images/search?q=50cm%20Double%20Side%209086/9087%20Background,
BG60DOUBLESIDE9086,60cm Double Side 9086/9087 Background,https://www.bing.com/images/search?q=60cm%20Double%20Side%209086/9087%20Background,
BG70DOUBLESIDE9086,70cm Double Side 9086/9087 Background,https://www.bing.com/images/search?q=70cm%20Double%20Side%209086/9087%20Background,
BG80DOUBLESIDE9086,80cm Double Side 9086/9087 Background,https://www.bing.com/images/search?q=80cm%20Double%20Side%209086/9087%20Background,
BG30DOUBLESIDE9094,30cm Double Side 9094/9095 Background,https://www.bing.com/images/search?q=30cm%20Double%20Side%209094/9095%20Background,
BG40DOUBLESIDE9094,40cm Double Side 9094/9095 Background,https://www.bing.com/images/search?q=40cm%20Double%20Side%209094/9095%20Background,
BG50DOUBLESIDE9094,50cm Double Side 9094/9095 Background,https://www.bing.com/images/search?q=50cm%20Double%20Side%209094/9095%20Background,
BG60DOUBLESIDE9094,60cm Double Side 9094/9095 Background,https://www.bing.com/images/search?q=60cm%20Double%20Side%209094/9095%20Background,
BG70DOUBLESIDE9094,70cm Double Side 9094/9095 Background,https://www.bing.com/images/search?q=70cm%20Double%20Side%209094/9095%20Background,
BG80DOUBLESIDE9094,80cm Double Side 9094/9095 Background,https://www.bing.com/images/search?q=80cm%20Double%20Side%209094/9095%20Background,
BG30DOUBLESIDE9003,30cm Double Side 9003/9028 White Background,https://www.bing.com/images/search?q=30cm%20Double%20Side%209003/9028%20White%20Background,
BG40DOUBLESIDE9003,40cm Double Side 9003/9028 White Background,https://www.bing.com/images/search?q=40cm%20Double%20Side%209003/9028%20White%20Background,
BG50DOUBLESIDE9003,50cm Double Side 9003/9028 White Background,https://www.bing.com/images/search?q=50cm%20Double%20Side%209003/9028%20White%20Background,
BG60DOUBLESIDE9003,60cm Double Side 9003/9028 White Background,https://www.bing.com/images/search?q=60cm%20Double%20Side%209003/9028%20White%20Background,
BG70DOUBLESIDE9003,70cm Double Side 9003/9028 White Background,https://www.bing.com/images/search?q=70cm%20Double%20Side%209003/9028%20White%20Background,
BG80DOUBLESIDE9003,80cm Double Side 9003/9028 White Background,https://www.bing.com/images/search?q=80cm%20Double%20Side%209003/9028%20White%20Background,
BG30DOUBLESIDE9015,30cm Double Side 9015/9017 Background,https://www.bing.com/images/search?q=30cm%20Double%20Side%209015/9017%20Background,
BG40DOUBLESIDE9015,40cm Double Side 9015/9017 Background,https://www.bing.com/images/search?q=40cm%20Double%20Side%209015/9017%20Background,
BG50DOUBLESIDE9015,50cm Double Side 9015/9017 Background,https://www.bing.com/images/search?q=50cm%20Double%20Side%209015/9017%20Background,
BG60DOUBLESIDE9015,60cm Double Side 9015/9017 Background,https://www.bing.com/images/search?q=60cm%20Double%20Side%209015/9017%20Background,
BG70DOUBLESIDE9015,70cm Double Side 9015/9017 Background,https://www.bing.com/images/search?q=70cm%20Double%20Side%209015/9017%20Background,
BG80DOUBLESIDE9015,80cm Double Side 9015/9017 Background,https://www.bing.com/images/search?q=80cm%20Double%20Side%209015/9017%20Background,
BG30DOUBLESIDE8009,30cm Double Side 8009/8010 Background,https://www.bing.com/images/search?q=30cm%20Double%20Side%208009/8010%20Background,
BG40DOUBLESIDE8009,40cm Double Side 8009/8010 Background,https://www.bing.com/images/search?q=40cm%20Double%20Side%208009/8010%20Background,
BG50DOUBLESIDE8009,50cm Double Side 8009/8010 Background,https://www.bing.com/images/search?q=50cm%20Double%20Side%208009/8010%20Background,
BG60DOUBLESIDE8009,60cm Double Side 8009/8010 Background,https://www.bing.com/images/search?q=60cm%20Double%20Side%208009/8010%20Background,
BG70DOUBLESIDE8009,70cm Double Side 8009/8010 Background,https://www.bing.com/images/search?q=70cm%20Double%20Side%208009/8010%20Background,
BG80DOUBLESIDE8009,80cm Double Side 8009/8010 Background,https://www.bing.com/images/search?q=80cm%20Double%20Side%208009/8010%20Background,
BG30DOUBLESIDE8019,30cm Double Side 8019/8020 Background,https://www.bing.com/images/search?q=30cm%20Double%20Side%208019/8020%20Background,
BG40DOUBLESIDE8019,40cm Double Side 8019/8020 Background,https://www.bing.com/images/search?q=40cm%20Double%20Side%208019/8020%20Background,
BG50DOUBLESIDE8019,50cm Double Side 8019/8020 Background,https://www.bing.com/images/search?q=50cm%20Double%20Side%208019/8020%20Background,
BG60DOUBLESIDE8019,60cm Double Side 8019/8020 Background,https://www.bing.com/images/search?q=60cm%20Double%20Side%208019/8020%20Background,
BG70DOUBLESIDE8019,70cm Double Side 8019/8020 Background,https://www.bing.com/images/search?q=70cm%20Double%20Side%208019/8020%20Background,
BG80DOUBLESIDE8019,80cm Double Side 8019/8020 Background,https://www.bing.com/images/search?q=80cm%20Double%20Side%208019/8020%20Background,
DRTANKALL250,DR Tank All in One Fertilizer NP Zero 250ml,https://www.bing.com/images/search?q=DR%20Tank%20All%20in%20One%20Fertilizer%20NP%20Zero%20250ml,
DRTANKCOMP250,DR Tank Complete Comprehensive Fertilizer 250ml,https://www.bing.com/images/search?q=DR%20Tank%20Complete%20Comprehensive%20Fertilizer%20250ml,
DRTANKE1,DR Tank E1 Method Fast Growth 250ml,https://www.bing.com/images/search?q=DR%20Tank%20E1%20Method%20Fast%20Growth%20250ml,
DRTANKALGAE,DR Tank ALGAE lite Remover 250ml,https://www.bing.com/images/search?q=DR%20Tank%20ALGAE%20lite%20Remover%20250ml,
DRTANKPLAN,DR Tank Planarian Remover 100ml,https://www.bing.com/images/search?q=DR%20Tank%20Planarian%20Remover%20100ml,
DRTANKSNAIL,DR Tank Snail Remover 100ml,https://www.bing.com/images/search?q=DR%20Tank%20Snail%20Remover%20100ml,
DRTANKBBA,DR Tank BBA Remover,https://www.bing.com/images/search?q=DR%20Tank%20BBA%20Remover,
DRTANKSTAGHORN,DR Tank Staghorn Algae Remover,https://www.bing.com/images/search?q=DR%20Tank%20Staghorn%20Algae%20Remover,
DRTANKCLADOPHORA,DR Tank Cladophora Algae Remover,https://www.bing.com/images/search?q=DR%20Tank%20Cladophora%20Algae%20Remover,
DRTANKBGA,DR Tank BGA Remover,https://www.bing.com/images/search?q=DR%20Tank%20BGA%20Remover,
DRTANKT1,DR Tank T1 BioBacter Tabs,https://www.bing.com/images/search?q=DR%20Tank%20T1%20BioBacter%20Tabs,
DRTANKT2,DR Tank T2 ChlorFree Tabs,https://www.bing.com/images/search?q=DR%20Tank%20T2%20ChlorFree%20Tabs,
DRTANKT3,DR Tank T3-2 CO2 Fertilizer Tabs 100pcs,https://www.bing.com/images/search?q=DR%20Tank%20T3-2%20CO2%20Fertilizer%20Tabs%20100pcs,
DRTANKT4,DR Tank T4 Black Brush Algae Remover Tabs,https://www.bing.com/images/search?q=DR%20Tank%20T4%20Black%20Brush%20Algae%20Remover%20Tabs,
DRTANKT5,DR Tank T5 Algae Remover Tabs,https://www.bing.com/images/search?q=DR%20Tank%20T5%20Algae%20Remover%20Tabs,
DRTANKT6,DR Tank T6 Crystal Water Tabs,https://www.bing.com/images/search?q=DR%20Tank%20T6%20Crystal%20Water%20Tabs,
DRTANKT7,DR Tank T7 Snail Remover Tabs,https://www.bing.com/images/search?q=DR%20Tank%20T7%20Snail%20Remover%20Tabs,
DRTANKT8,DR Tank T8 Blue Green Algae ZERO Tabs,https://www.bing.com/images/search?q=DR%20Tank%20T8%20Blue%20Green%20Algae%20ZERO%20Tabs,
DRTANKT9,DR Tank T9 Planarian Zero Tabs,https://www.bing.com/images/search?q=DR%20Tank%20T9%20Planarian%20Zero%20Tabs,
DRTANKT12,DR Tank T12 White Spot OUT Tabs,https://www.bing.com/images/search?q=DR%20Tank%20T12%20White%20Spot%20OUT%20Tabs,
DRTANKT13,DR Tank T13 Fish Waste Removal Tabs,https://www.bing.com/images/search?q=DR%20Tank%20T13%20Fish%20Waste%20Removal%20Tabs,
DRTANKEXG50,DR Tank EXG50 Fast Growth Tabs,https://www.bing.com/images/search?q=DR%20Tank%20EXG50%20Fast%20Growth%20Tabs,
DRTANKEXV50,DR Tank EXV50 Slower Growth Tabs,https://www.bing.com/images/search?q=DR%20Tank%20EXV50%20Slower%20Growth%20Tabs,
DRTANKBIO,DR Tank BioBacteria Stick,https://www.bing.com/images/search?q=DR%20Tank%20BioBacteria%20Stick,
DRTANKSPROUT,DR Tank Sprout Stick,https://www.bing.com/images/search?q=DR%20Tank%20Sprout%20Stick,
DRTANKVIVID,DR Tank Vivid Stick,https://www.bing.com/images/search?q=DR%20Tank%20Vivid%20Stick,
DRTANKIRON,DR Tank Iron Stick,https://www.bing.com/images/search?q=DR%20Tank%20Iron%20Stick,
DRTANKTRACK,DR Tank Track Stick,https://www.bing.com/images/search?q=DR%20Tank%20Track%20Stick,
DRTANKN,Dr TANK N Nitrogen Tabs,https://www.bing.com/images/search?q=Dr%20TANK%20N%20Nitrogen%20Tabs,
VOONLINE071,Voonline VL071 Special Detergent 200ml,https://www.bing.com/images/search?q=Voonline%20VL071%20Special%20Detergent%20200ml,
VOONLINE050,Voonline VL050 Aquarium Landscaping Sand,https://www.bing.com/images/search?q=Voonline%20VL050%20Aquarium%20Landscaping%20Sand,
VOONLINE051,Voonline VL051 Aquarium Landscaping Sand,https://www.bing.com/images/search?q=Voonline%20VL051%20Aquarium%20Landscaping%20Sand,
VOONLINE052,Voonline VL052 Aquarium Landscaping Sand,https://www.bing.com/images/search?q=Voonline%20VL052%20Aquarium%20Landscaping%20Sand,
VOONLINE053,Voonline VL053 Aquarium Landscaping Rocks,https://www.bing.com/images/search?q=Voonline%20VL053%20Aquarium%20Landscaping%20Rocks,
VOONLINE054,Voonline VL054 Aquarium Landscaping Sand,https://www.bing.com/images/search?q=Voonline%20VL054%20Aquarium%20Landscaping%20Sand,
VOONLINE120,Voonline VL120 Aquarium Landscaping Rocks,https://www.bing.com/images/search?q=Voonline%20VL120%20Aquarium%20Landscaping%20Rocks,
VOONLINE248,Voonline VL248 Aquarium Landscaping Rocks,https://www.bing.com/images/search?q=Voonline%20VL248%20Aquarium%20Landscaping%20Rocks,
VOONLINE197,Voonline VL197 Black Lava Rocks,https://www.bing.com/images/search?q=Voonline%20VL197%20Black%20Lava%20Rocks,
VOONLINE198,Voonline VL198 Red Lava Rocks,https://www.bing.com/images/search?q=Voonline%20VL198%20Red%20Lava%20Rocks,
VOONLINE082,Voonline VL082 Digital Thermometer Sticker,https://www.bing.com/images/search?q=Voonline%20VL082%20Digital%20Thermometer%20Sticker,
VOONLINE6IN1,Voonline 6in1 Test Strips 50pcs,https://www.bing.com/images/search?q=Voonline%206in1%20Test%20Strips%2050pcs,
VOONLINE030,Voonline VL030 Black Cleaning Towel,https://www.bing.com/images/search?q=Voonline%20VL030%20Black%20Cleaning%20Towel,
VOONLINE101,Voonline VL101 Aquarium Mat 40x40cm,https://www.bing.com/images/search?q=Voonline%20VL101%20Aquarium%20Mat%2040x40cm,
VOONLINE102,Voonline VL102 Aquarium Mat 45x30cm,https://www.bing.com/images/search?q=Voonline%20VL102%20Aquarium%20Mat%2045x30cm,
VOONLINE104,Voonline VL104 Aquarium Mat 60x30cm,https://www.bing.com/images/search?q=Voonline%20VL104%20Aquarium%20Mat%2060x30cm,
VOONLINE109,Voonline VL109 Aquarium Mat 90x45cm,https://www.bing.com/images/search?q=Voonline%20VL109%20Aquarium%20Mat%2090x45cm,
VOONLINE112,Voonline VL112 Aquarium Mat 120x45cm,https://www.bing.com/images/search?q=Voonline%20VL112%20Aquarium%20Mat%20120x45cm,
VOONLINE190,Voonline VL190 Aquarium Anti-jump Net Small,https://www.bing.com/images/search?q=Voonline%20VL190%20Aquarium%20Anti-jump%20Net%20Small,
VOONLINE191,Voonline VL191 Aquarium Anti-jump Net Medium,https://www.bing.com/images/search?q=Voonline%20VL191%20Aquarium%20Anti-jump%20Net%20Medium,
VOONLINE192,Voonline VL192 Aquarium Anti-jump Net Large,https://www.bing.com/images/search?q=Voonline%20VL192%20Aquarium%20Anti-jump%20Net%20Large,
VOONLINE256,Voonline VL256 Aquarium Magnetic Anti-jump Net,https://www.bing.com/images/search?q=Voonline%20VL256%20Aquarium%20Magnetic%20Anti-jump%20Net,
VOONLINE258,Voonline VL258 Aquarium Magnetic Anti-jump Net,https://www.bing.com/images/search?q=Voonline%20VL258%20Aquarium%20Magnetic%20Anti-jump%20Net,
VOONLINE188,Voonline VL188 Mini Magnet Cleaner,https://www.bing.com/images/search?q=Voonline%20VL188%20Mini%20Magnet%20Cleaner,
VOONLINE3IN1A,Voonline 3in1 Algae Scraper 42mm,https://www.bing.com/images/search?q=Voonline%203in1%20Algae%20Scraper%2042mm,
VOONLINE3IN1B,Voonline 3in1 Algae Scraper 62mm,https://www.bing.com/images/search?q=Voonline%203in1%20Algae%20Scraper%2062mm,
CRASHSEED001,Crash Aquatic Seed A Mini Cow Hair Grass,https://www.bing.com/images/search?q=Crash%20Aquatic%20Seed%20A%20Mini%20Cow%20Hair%20Grass,
CRASHSEED002,Crash Aquatic Seed B Mini Pairs of Leaves,https://www.bing.com/images/search?q=Crash%20Aquatic%20Seed%20B%20Mini%20Pairs%20of%20Leaves,
CRASHSEED003,Crash Aquatic Seed C Round Leaves,https://www.bing.com/images/search?q=Crash%20Aquatic%20Seed%20C%20Round%20Leaves,
CRASHSEED004,Crash Aquatic Seed D Colored Leaves,https://www.bing.com/images/search?q=Crash%20Aquatic%20Seed%20D%20Colored%20Leaves,
CRASHSEED005,Crash Aquatic Seed E Love Grass,https://www.bing.com/images/search?q=Crash%20Aquatic%20Seed%20E%20Love%20Grass,
FROZEDBRINE,FREEZE DRIED TUBIFEX WORMS 500ml,https://www.bing.com/images/search?q=FREEZE%20DRIED%20TUBIFEX%20WORMS%20500ml,
FROZEKRILL,Voonline Freeze Dried Antarctic Krill,https://www.bing.com/images/search?q=Voonline%20Freeze%20Dried%20Antarctic%20Krill,
ARTEMIA425G,Aquamaster Artemia Cysts Brine Shrimp Eggs 425g,https://www.bing.com/images/search?q=Aquamaster%20Artemia%20Cysts%20Brine%20Shrimp%20Eggs%20425g,
LED0010,Akwa LED 5W White & Blue Light,https://www.bing.com/images/search?q=Akwa%20LED%205W%20White%20%26%20Blue%20Light,
LED0011,Akwa LED 5W Multi Colour Light,https://www.bing.com/images/search?q=Akwa%20LED%205W%20Multi%20Colour%20Light,
LED0105,Akwa Dophin Clamp LED Mini Tank,https://www.bing.com/images/search?q=Akwa%20Dophin%20Clamp%20LED%20Mini%20Tank,
LED1088R,Akwa Dophin LED-1088 RGB 35cm 12W,https://www.bing.com/images/search?q=Akwa%20Dophin%20LED-1088%20RGB%2035cm%2012W,
LED1089B,Akwa Dophin LED-1089 BioLux 45cm 17W,https://www.bing.com/images/search?q=Akwa%20Dophin%20LED-1089%20BioLux%2045cm%2017W,
LED1089M,Akwa Dophin LED-1089 Marine 45cm 17W,https://www.bing.com/images/search?q=Akwa%20Dophin%20LED-1089%20Marine%2045cm%2017W,
LED1089R,Akwa Dophin LED-1089 RGB 45cm 17W,https://www.bing.com/images/search?q=Akwa%20Dophin%20LED-1089%20RGB%2045cm%2017W,
LED1090M,Akwa Dophin LED-1090 Marine 60cm 20W,https://www.bing.com/images/search?q=Akwa%20Dophin%20LED-1090%20Marine%2060cm%2020W,
LED1090R,Akwa Dophin LED-1090 RGB 60cm 20W,https://www.bing.com/images/search?q=Akwa%20Dophin%20LED-1090%20RGB%2060cm%2020W,
FG0300,Akwa Fullgain Flat LED 10W 30cm,https://www.bing.com/images/search?q=Akwa%20Fullgain%20Flat%20LED%2010W%2030cm,
FG0301,Akwa Fullgain Flat LED 14W 45cm,https://www.bing.com/images/search?q=Akwa%20Fullgain%20Flat%20LED%2014W%2045cm,
FG0302,Akwa Fullgain Flat LED 18W 60cm,https://www.bing.com/images/search?q=Akwa%20Fullgain%20Flat%20LED%2018W%2060cm,
FG0303,Akwa Fullgain Flat LED 22W 75cm,https://www.bing.com/images/search?q=Akwa%20Fullgain%20Flat%20LED%2022W%2075cm,
FG0304,Akwa Fullgain Flat LED 26W 90cm,https://www.bing.com/images/search?q=Akwa%20Fullgain%20Flat%20LED%2026W%2090cm,
LED4200W,Akwa Ocean Max LED T4-200 White 4W,https://www.bing.com/images/search?q=Akwa%20Ocean%20Max%20LED%20T4-200%20White%204W,
LED4200BW,Akwa Ocean Max LED T4-200 Blue White 4W,https://www.bing.com/images/search?q=Akwa%20Ocean%20Max%20LED%20T4-200%20Blue%20White%204W,
LED4300W,Akwa Ocean Max LED T4-300 White 6W,https://www.bing.com/images/search?q=Akwa%20Ocean%20Max%20LED%20T4-300%20White%206W,
LED4300BW,Akwa Ocean Max LED T4-300 Blue White 6W,https://www.bing.com/images/search?q=Akwa%20Ocean%20Max%20LED%20T4-300%20Blue%20White%206W,
LED4400W,Akwa Ocean Max LED T4-400 White 7.5W,https://www.bing.com/images/search?q=Akwa%20Ocean%20Max%20LED%20T4-400%20White%207.5W,
LED4400BW,Akwa Ocean Max LED T4-400 Blue White 7.5W,https://www.bing.com/images/search?q=Akwa%20Ocean%20Max%20LED%20T4-400%20Blue%20White%207.5W,
LED4500W,Akwa Ocean Max LED T4-500 White 8W,https://www.bing.com/images/search?q=Akwa%20Ocean%20Max%20LED%20T4-500%20White%208W,
LED4500BW,Akwa Ocean Max LED T4-500 Blue White 8W,https://www.bing.com/images/search?q=Akwa%20Ocean%20Max%20LED%20T4-500%20Blue%20White%208W,
LED4600W,Akwa Ocean Max LED T4-600 White 10W,https://www.bing.com/images/search?q=Akwa%20Ocean%20Max%20LED%20T4-600%20White%2010W,
LED4600BW,Akwa Ocean Max LED T4-600 Blue White 10W,https://www.bing.com/images/search?q=Akwa%20Ocean%20Max%20LED%20T4-600%20Blue%20White%2010W,
LED4800W,Akwa Ocean Max LED T4-800 White 13.6W,https://www.bing.com/images/search?q=Akwa%20Ocean%20Max%20LED%20T4-800%20White%2013.6W,
LED4800BW,Akwa Ocean Max LED T4-800 Blue White 13.6W,https://www.bing.com/images/search?q=Akwa%20Ocean%20Max%20LED%20T4-800%20Blue%20White%2013.6W,
LED41000W,Akwa Ocean Max LED T4-1000 White 16.5W,https://www.bing.com/images/search?q=Akwa%20Ocean%20Max%20LED%20T4-1000%20White%2016.5W,
LED41000BW,Akwa Ocean Max LED T4-1000 Blue White 16.5W,https://www.bing.com/images/search?q=Akwa%20Ocean%20Max%20LED%20T4-1000%20Blue%20White%2016.5W,
HTR0202,Akwa Dophin 25W Heater,https://www.bing.com/images/search?q=Akwa%20Dophin%2025W%20Heater,
HTR0205,Akwa Dophin 50W Heater,https://www.bing.com/images/search?q=Akwa%20Dophin%2050W%20Heater,
HTR0210,Akwa Dophin 100W Heater,https://www.bing.com/images/search?q=Akwa%20Dophin%20100W%20Heater,
HTR0215,Akwa Dophin 150W Heater 300mm,https://www.bing.com/images/search?q=Akwa%20Dophin%20150W%20Heater%20300mm,
HTR0220,Akwa Dophin 200W Heater 310mm,https://www.bing.com/images/search?q=Akwa%20Dophin%20200W%20Heater%20310mm,
HTR0230,Akwa Dophin 300W Heater 360mm,https://www.bing.com/images/search?q=Akwa%20Dophin%20300W%20Heater%20360mm,
HTR0250,Akwa Dophin 500W Heater,https://www.bing.com/images/search?q=Akwa%20Dophin%20500W%20Heater,
HTR0600,Akwa SunSun XRB-600W Heater,https://www.bing.com/images/search?q=Akwa%20SunSun%20XRB-600W%20Heater,
HTR1000,Akwa SunSun XRB-1000W Heater,https://www.bing.com/images/search?q=Akwa%20SunSun%20XRB-1000W%20Heater,
APS0505,Akwa AC/DC Air Pump APQ-505 510L/H,https://www.bing.com/images/search?q=Akwa%20AC/DC%20Air%20Pump%20APQ-505%20510L/H,
APS0510,Akwa AC/DC Air Pump APQ-510 1020L/H,https://www.bing.com/images/search?q=Akwa%20AC/DC%20Air%20Pump%20APQ-510%201020L/H,
APS0203,Akwa AC/DC Air Pump JT-203S 240L/H,https://www.bing.com/images/search?q=Akwa%20AC/DC%20Air%20Pump%20JT-203S%20240L/H,
GRC0001,Akwa Gravel Cleaner Small 250mm,https://www.bing.com/images/search?q=Akwa%20Gravel%20Cleaner%20Small%20250mm,
GRC0002,Akwa Gravel Cleaner Large 350mm,https://www.bing.com/images/search?q=Akwa%20Gravel%20Cleaner%20Large%20350mm,
MAG0001,Akwa Dophin Magnetic Cleaner Small,https://www.bing.com/images/search?q=Akwa%20Dophin%20Magnetic%20Cleaner%20Small,
MAG0002,Akwa Dophin Magnetic Cleaner Medium,https://www.bing.com/images/search?q=Akwa%20Dophin%20Magnetic%20Cleaner%20Medium,
MAG0003,Akwa Dophin Magnetic Cleaner Large,https://www.bing.com/images/search?q=Akwa%20Dophin%20Magnetic%20Cleaner%20Large,
SCR0001,Akwa Dophin Scraper MC-101,https://www.bing.com/images/search?q=Akwa%20Dophin%20Scraper%20MC-101,
AFM0102,Akwa Activated Carbon 500ml,https://www.bing.com/images/search?q=Akwa%20Activated%20Carbon%20500ml,
AFM0103,Akwa Activated Carbon 1L,https://www.bing.com/images/search?q=Akwa%20Activated%20Carbon%201L,
AFM0105,Akwa Ceramic Noodles 500ml,https://www.bing.com/images/search?q=Akwa%20Ceramic%20Noodles%20500ml,
AFM0106,Akwa Ceramic Noodles 1L,https://www.bing.com/images/search?q=Akwa%20Ceramic%20Noodles%201L,
AFM0110,Akwa Zeolite Ammonia Remover 500ml,https://www.bing.com/images/search?q=Akwa%20Zeolite%20Ammonia%20Remover%20500ml,
AFM0111,Akwa Zeolite Ammonia Remover 1L,https://www.bing.com/images/search?q=Akwa%20Zeolite%20Ammonia%20Remover%201L,
AQD8003,Akwa Dophin Mini Tank GT-8003 12L,https://www.bing.com/images/search?q=Akwa%20Dophin%20Mini%20Tank%20GT-8003%2012L,
