Handle,Tags
zetlight-zn1050-led,"lighting, zetlight, plant, marine"
zetlight-e3-24w-freshwater-plant,"lighting, zetlight, plant, freshwater"
zetlight-e3-24w-marine,"lighting, zetlight, marine, coral"
zetlight-za1201ai-marine,"lighting, zetlight, marine, smart, app"
zetlight-o2-freshwater-hanging,"lighting, zetlight, plant, hanging"
zetlight-ufo-f8-pro-algae,"lighting, zetlight, plant, ufo"
zetlight-x9-66w-marine-rgb,"lighting, zetlight, marine, rgb, app"
zetlight-x9-pro-96w-marine-rgb,"lighting, zetlight, marine, rgb, pro"
zetlight-qmaven-ii-q6-90,"lighting, zetlight, marine, professional"
zetlight-qmaven-ii-q6-120,"lighting, zetlight, marine, professional"
chihiros-aii-301-30cm-bluetooth,"lighting, chihiros, plant, bluetooth, app"
chihiros-aii-361-36cm-bluetooth,"lighting, chihiros, plant, bluetooth, app"
chihiros-aii-451-45cm-bluetooth,"lighting, chihiros, plant, bluetooth, app"
chihiros-aii-601-60cm-bluetooth,"lighting, chihiros, plant, bluetooth, app"
chihiros-aii-801-80cm-bluetooth,"lighting, chihiros, plant, bluetooth, app"
chihiros-aii-901-90cm-bluetooth,"lighting, chihiros, plant, bluetooth, app"
chihiros-aii-1201-120cm-bluetooth,"lighting, chihiros, plant, bluetooth, app"
chihiros-wrgb-ii-slim-30-plant,"lighting, chihiros, plant, rgb, bluetooth"
chihiros-wrgb-ii-slim-45-plant,"lighting, chihiros, plant, rgb, bluetooth"
chihiros-wrgb-ii-slim-60-plant,"lighting, chihiros, plant, rgb, bluetooth"
chihiros-wrgb-ii-slim-90-plant,"lighting, chihiros, plant, rgb, bluetooth"
chihiros-wrgb-ii-slim-120-plant,"lighting, chihiros, plant, rgb, bluetooth"
chihiros-cii-rgb-plant,"lighting, chihiros, plant, rgb, controller"
chihiros-z-light-tiny-6w-led,"lighting, chihiros, small, compact, app"
chihiros-rgb-vivid-mini-75w-plant,"lighting, chihiros, plant, rgb, premium"
chihiros-rgb-vivid-ii-10th-edition-130w,"lighting, chihiros, plant, rgb, anniversary"
chihiros-wrgb-vivid3-black-180w,"lighting, chihiros, plant, rgb, premium"
chihiros-wrgb2-pro-60-74w-plant,"lighting, chihiros, plant, rgb, pro"
chihiros-wrgb2-pro-90-110w-plant,"lighting, chihiros, plant, rgb, pro"
chihiros-wrgb2-pro-120-138w-plant,"lighting, chihiros, plant, rgb, pro"
aquapro-n-series-co2-regulator,"co2, aquapro, regulator, dual-gauge, lighting"
chihiros-tiny-co2-diffuser,"co2, chihiros, diffuser, compact, lighting"
chihiros-co2-regulator,"co2, chihiros, regulator, lighting"
chihiros-co2-regulator-pro,"co2, chihiros, regulator, pro, lighting"
chihiros-co2-manifold-block,"co2, chihiros, manifold, splitter, lighting"
chihiros-co2-generator-kit-25l,"co2, chihiros, generator, kit, lighting"
sobo-pd1-dc-usb-pump-200lh,"pump, sobo, usb, compact, pumps-flow"
sobo-wp3200-submersible-300lh,"pump, sobo, submersible, wp-series, pumps-flow"
sobo-wp3300-submersible-600lh,"pump, sobo, submersible, wp-series, pumps-flow"
sobo-wp3400-submersible-880lh,"pump, sobo, submersible, wp-series, pumps-flow"
sobo-wp3500-submersible-1200lh,"pump, sobo, submersible, wp-series, pumps-flow"
sobo-wp4000-submersible-2000lh,"pump, sobo, submersible, wp-series, pumps-flow"
sobo-wp5000-submersible-3000lh,"pump, sobo, submersible, wp-series, pumps-flow"
sobo-wp6000-submersible-4000lh,"pump, sobo, submersible, wp-series, pumps-flow"
sobo-wp7000-submersible-5000lh,"pump, sobo, submersible, wp-series, pumps-flow"
sobo-wp8000-submersible-6000lh,"pump, sobo, submersible, wp-series, pumps-flow"
sobo-bo9000a-amphibious-9000lh,"pump, sobo, amphibious, multi-purpose, pumps-flow"
sobo-bo12000a-amphibious-12000lh,"pump, sobo, amphibious, multi-purpose, pumps-flow"
sobo-bo14000a-amphibious-14000lh,"pump, sobo, amphibious, multi-purpose, pumps-flow"
sobo-bo16000a-amphibious-16000lh,"pump, sobo, amphibious, multi-purpose, pumps-flow"
sobo-wp2200-water-pump-2000lh,"pump, sobo, water-pump, wp-series, pumps-flow"
sobo-wp4200-water-pump-3000lh,"pump, sobo, water-pump, wp-series, pumps-flow"
sobo-wp5200-water-pump-3500lh,"pump, sobo, water-pump, wp-series, pumps-flow"
sobo-wp7200-water-pump-5500lh,"pump, sobo, water-pump, wp-series, pumps-flow"
sobo-wp9200-submersible-2400lh,"pump, sobo, submersible, wp-series, pumps-flow"
sobo-wp9600-submersible-3200lh,"pump, sobo, submersible, wp-series, pumps-flow"
sobo-wp9900-submersible-5000lh,"pump, sobo, submersible, wp-series, pumps-flow"
sobo-wp10800-submersible-8000lh,"pump, sobo, submersible, wp-series, pumps-flow"
sobo-sf1500-dc-amphibious-1800lh,"pump, sobo, amphibious, dc, variable-speed, pumps-flow"
sobo-sf2000-dc-amphibious-2000lh,"pump, sobo, amphibious, dc, variable-speed, pumps-flow"
sobo-sf3000-dc-amphibious-3000lh,"pump, sobo, amphibious, dc, variable-speed, pumps-flow"
sobo-sf4000-dc-amphibious-4000lh,"pump, sobo, amphibious, dc, variable-speed, pumps-flow"
sobo-sf5000-dc-amphibious-5000lh,"pump, sobo, amphibious, dc, variable-speed, pumps-flow"
sobo-sf6000-dc-amphibious-6000lh,"pump, sobo, amphibious, dc, variable-speed, pumps-flow"
sobo-sf8000-dc-amphibious-8000lh,"pump, sobo, amphibious, dc, variable-speed, pumps-flow"
sobo-sf10000-dc-amphibious-10000lh,"pump, sobo, amphibious, dc, variable-speed, pumps-flow"
sobo-sf12000-dc-amphibious-12000lh,"pump, sobo, amphibious, dc, variable-speed, pumps-flow"
sobo-wp50m-wavemaker-1000lh,"pump, sobo, wavemaker, circulation, pumps-flow"
sobo-wp100m-wavemaker-3000lh,"pump, sobo, wavemaker, circulation, pumps-flow"
sobo-wp200m-wavemaker-5000lh,"pump, sobo, wavemaker, circulation, pumps-flow"
sobo-wp300m-wavemaker-7500lh,"pump, sobo, wavemaker, circulation, pumps-flow"
sobo-wp400m-wavemaker-10000lh,"pump, sobo, wavemaker, circulation, pumps-flow"
sobo-wp800m-wavemaker-20000lh,"pump, sobo, wavemaker, professional, pumps-flow"
bubble-magus-rock-wp600-680lh,"pump, bubble-magus, rock, compact, pumps-flow"
bubble-magus-rock-wp1000-1100lh,"pump, bubble-magus, rock, pumps-flow"
bubble-magus-rock-wp2000-2100lh,"pump, bubble-magus, rock, pumps-flow"
bubble-magus-rock-wp4000-4100lh,"pump, bubble-magus, rock, pumps-flow"
bubble-magus-sp600-skimmer-pump,"pump, bubble-magus, skimmer, protein, pumps-flow"
bubble-magus-sp1000-skimmer-pump,"pump, bubble-magus, skimmer, protein, pumps-flow"
bubble-magus-sp1500-skimmer-pump,"pump, bubble-magus, skimmer, protein, pumps-flow"
bubble-magus-sp2000-skimmer-pump,"pump, bubble-magus, skimmer, protein, pumps-flow"
bubble-magus-sp4000-skimmer-pump,"pump, bubble-magus, skimmer, protein, pumps-flow"
bubble-magus-dsp4000-skimmer-pump,"pump, bubble-magus, skimmer, dual, pumps-flow"
bubble-magus-sp6000-skimmer-pump,"pump, bubble-magus, skimmer, professional, pumps-flow"
bubble-magus-sp8000-skimmer-pump,"pump, bubble-magus, skimmer, professional, pumps-flow"
bubble-magus-sp10000-skimmer-pump,"pump, bubble-magus, skimmer, professional, pumps-flow"
jebao-mow3-smart-wavemaker-3000lh,"pump, jebao, wavemaker, smart, wifi, pumps-flow"
jebao-mow5-smart-wavemaker-5000lh,"pump, jebao, wavemaker, smart, wifi, pumps-flow"
jebao-mow9-smart-wavemaker-9000lh,"pump, jebao, wavemaker, smart, wifi, pumps-flow"
jebao-mow16-smart-wavemaker-16000lh,"pump, jebao, wavemaker, smart, wifi, pumps-flow"
jebao-mow22-smart-wavemaker-22000lh,"pump, jebao, wavemaker, smart, wifi, pumps-flow"
xy168-biochemical-sponge-filter,"filter, sponge, biochemical, small, filtration"
xy2820-biosponge-filter-medium,"filter, sponge, bio, medium, filtration"
xy2830-biosponge-filter-large,"filter, sponge, bio, large, filtration"
xy2831-biosponge-filter-xl,"filter, sponge, bio, xl, filtration"
xy2822-biosponge-filter-xxl,"filter, sponge, bio, xxl, filtration"
xy2011-biological-corner-foam-filter,"filter, corner, foam, bio, filtration"
xy2008-biological-corner-foam-filter-medium,"filter, corner, foam, bio, filtration"
xy2010-biological-corner-foam-filter-large,"filter, corner, foam, bio, filtration"
xy0121-nitrite-nitrate-removing-sponge,"filter, media, nitrite, nitrate, filtration"
xy0122-phosphate-removing-sponge,"filter, media, phosphate, filtration"
xy0123-ammonia-removing-sponge,"filter, media, ammonia, filtration"
xy0124-super-activated-carbon-sponge,"filter, media, carbon, activated, filtration"
xy0125-nitrite-nitrate-removing-large-sponge,"filter, media, nitrite, nitrate, large, filtration"
xy0126-phosphate-removing-large-sponge,"filter, media, phosphate, large, filtration"
xy0127-nitrite-nitrate-large-sponge,"filter, media, nitrite, nitrate, filtration"
xy0128-phosphate-removing-large-sponge-2,"filter, media, phosphate, large, filtration"
external-cycle-breeder-box-small,"breeding, fry, external, small, filtration"
external-cycle-breeder-box-large,"breeding, fry, external, large, filtration"
an2-aquarium-fish-breeding-box,"breeding, fry, spawning, filtration"
bbt2s-betta-single-bow-fish-tank,"betta, breeding, small, filtration"
bbt3s-betta-double-bow-fish-tank,"betta, breeding, double, filtration"
bbt4s-betta-triple-bow-fish-tank,"betta, breeding, triple, filtration"
bubble-wall-air-stone-7-inch,"air, stone, bubble, 7inch, filtration"
bubble-wall-air-stone-10-inch,"air, stone, bubble, 10inch, filtration"
bubble-wall-air-stone-14-inch,"air, stone, bubble, 14inch, filtration"
bubble-wall-air-stone-18-inch,"air, stone, bubble, 18inch, filtration"
bubble-wall-air-stone-23-inch,"air, stone, bubble, 23inch, filtration"
venys-undergravel-filter-20,"filter, undergravel, plate, 20inch, filtration"
venys-undergravel-filter-29,"filter, undergravel, plate, 29inch, filtration"
venys-undergravel-filter-30,"filter, undergravel, plate, 30inch, filtration"
venys-undergravel-filter-55,"filter, undergravel, plate, 55inch, filtration"
filter-media-net-bag-15x20cm,"filter, bag, media, net, filtration"
filter-media-net-bag-28x32cm,"filter, bag, media, net, filtration"
far-infrared-ceramic-tube-single,"filter, media, ceramic, bio, filtration"
far-infrared-ceramic-tube-box-154pcs,"filter, media, ceramic, bio, bulk, filtration"
abs-clips-glass-lid-6mm-4pcs,"clips, glass, lid, 6mm, filtration"
abs-clips-glass-lid-8mm-4pcs,"clips, glass, lid, 8mm, filtration"
brine-shrimp-hatch-kit,"food, live, brine, shrimp, filtration"
londa-10l-koi-feeder,"feeder, koi, automatic, 10l, filtration"
solar-auto-pond-feeder,"feeder, pond, solar, automatic, filtration"
telescopic-aquarium-cleaning-kit-5-in-1,"cleaning, tools, 5in1, telescopic, filtration"
battery-operated-aquarium-vacuum-cleaner,"cleaner, vacuum, battery, gravel, filtration"
digital-aquarium-thermometer,"thermometer, digital, temperature, filtration"
led-thermometer-strip,"thermometer, led, strip, filtration"
anti-overflow-filter-bag,"filter, bag, overflow, prevention, filtration"
anti-overflow-honeycomb-filter-bag,"filter, bag, honeycomb, overflow, filtration"
carbon-sponge-50x50x4cm,"filter, media, carbon, sponge, filtration"
live-marcgravia-umbellata-plant,"plant, live, moss, paludarium, filtration"
live-sphagnum-moss,"plant, live, moss, sphagnum, filtration"
live-premium-cushion-moss,"plant, live, moss, cushion, filtration"
live-racomitrium-moss,"plant, live, moss, racomitrium, filtration"
live-hypnum-moss,"plant, live, moss, hypnum, filtration"
live-racopilum-cuspidigerum-plant,"plant, live, moss, racopilum, filtration"
langa-soil-8l-bag,"substrate, soil, langa, 8l, filtration"
langa-soil-8l-x3-box,"substrate, soil, langa, bulk, filtration"
langa-soil-4l-bag,"substrate, soil, langa, 4l, filtration"
langa-soil-4l-x6-box,"substrate, soil, langa, bulk, filtration"
langa-soil-supplement-120g,"substrate, supplement, langa, 120g, filtration"
glass-150x150x250-5mm-glass-tank,"tank, glass, 150x150x250, 5mm, filtration"
glass-150x150x300-5mm-glass-tank,"tank, glass, 150x150x300, 5mm, filtration"
glass-200x200x200-5mm-glass-tank,"tank, glass, 200x200x200, 5mm, filtration"
glass-200x200x300-5mm-glass-tank,"tank, glass, 200x200x300, 5mm, filtration"
glass-200x200x350-5mm-glass-tank,"tank, glass, 200x200x350, 5mm, filtration"
glass-300x180x120-5mm-glass-tank,"tank, glass, 300x180x120, 5mm, filtration"
glass-300x300x450-5mm-glass-tank,"tank, glass, 300x300x450, 5mm, filtration"
glass-900x450x450-10mm-ultra-clear-glass-tank,"tank, glass, 900x450x450, ultra-clear, 10mm, filtration"
betta-bed-with-suction-cup-a,"decoration, betta, hammock, suction, decorations"
betta-bed-with-suction-cup-b,"decoration, betta, hammock, suction, decorations"
betta-bed-with-suction-cup-c,"decoration, betta, hammock, suction, decorations"
betta-bed-with-clear-tube-d,"decoration, betta, tube, clear, decorations"
spongebob-pineapple-home-ornament,"decoration, ornament, spongebob, cartoon, decorations"
spongebob-home-set-3pcs-ornament,"decoration, ornament, spongebob, set, decorations"
mermaid-and-pink-seahorse-ornament,"decoration, ornament, mermaid, pink, decorations"
mermaid-and-blue-seahorse-ornament,"decoration, ornament, mermaid, blue, decorations"
mermaid-ornament-15x12x6,"decoration, ornament, mermaid, large, decorations"
mermaid-ornament-14x15x6-large,"decoration, ornament, mermaid, extra-large, decorations"
shipwreck-ornament,"decoration, ornament, shipwreck, sunken, decorations"
old-submarine-ornament,"decoration, ornament, submarine, vintage, decorations"
ufo-ornament,"decoration, ornament, ufo, sci-fi, decorations"
star-wars-walker-ornament-small,"decoration, ornament, star-wars, walker, small, decorations"
star-wars-walker-ornament-large,"decoration, ornament, star-wars, walker, large, decorations"
coast-guard-boat-shipwreck-ornament,"decoration, ornament, boat, coast-guard, decorations"
vw-combi-ornament,"decoration, ornament, vw, bus, vintage, decorations"
sunken-ship-octopus-design-ornament,"decoration, ornament, octopus, shipwreck, decorations"
egyptian-sphinx-ornament,"decoration, ornament, sphinx, egyptian, decorations"
tree-man-ornament-12x11x23,"decoration, ornament, tree-man, woodland, decorations"
tree-man-ornament-14x12x18-large,"decoration, ornament, tree-man, large, decorations"
skull-arch-ornament,"decoration, ornament, skull, arch, decorations"
gargoyle-ornament,"decoration, ornament, gargoyle, gothic, decorations"
mechanical-skeleton-ornament,"decoration, ornament, skeleton, mechanical, decorations"
mechanical-fish-ornament,"decoration, ornament, fish, mechanical, decorations"
baby-groot-ornament,"decoration, ornament, groot, marvel, decorations"
groot-with-air-stone-ornament,"decoration, ornament, groot, air-stone, decorations"
popetpop-ornament,"decoration, ornament, popetpop, cute, decorations"
general-ornament-7x10x12,"decoration, ornament, general, standard, decorations"
meditation-buddha-statue-ornament,"decoration, ornament, buddha, zen, decorations"
ancient-buddha-ornament,"decoration, ornament, buddha, ancient, decorations"
swim-school-shack-ornament,"decoration, ornament, building, school, decorations"
deco-castle-ornament,"decoration, ornament, castle, classic, decorations"
magical-castle-pink-ornament,"decoration, ornament, castle, pink, decorations"
magical-castle-brown-ornament,"decoration, ornament, castle, brown, decorations"
mountain-level-steps-moss-ornament,"decoration, ornament, mountain, moss, decorations"
dragon-layer-7pcs-set-ornament,"decoration, ornament, dragon, set, 7pcs, decorations"
landscape-pavilion-tree-ornament,"decoration, ornament, pavilion, oriental, decorations"
lotus-pods-decoration,"hardscape, lotus, pods, natural"
indian-almond-leaves-9-11pcs,"hardscape, leaves, almond, tannin"
lava-rock-plant-holder,"hardscape, rock, lava, plant-holder"
alveolate-rock-dragon-rock-25kg,"hardscape, rock, dragon, 25kg"
scenery-aquarium-rock-20kg,"hardscape, rock, scenery, 20kg"
volcano-rock-black-20kg,"hardscape, rock, volcano, black, 20kg"
volcano-rock-red-20kg,"hardscape, rock, volcano, red, 20kg"
reef-rock-12kg,"hardscape, rock, reef, 12kg, marine"
dragon-rock-bottle-mix,"hardscape, rock, dragon, small, bottle"
scenery-rock-bottle-mix,"hardscape, rock, scenery, small, bottle"
mini-lava-rock-3-5mm,"hardscape, rock, lava, mini, 3-5mm"
mini-lava-rock-6-8mm,"hardscape, rock, lava, mini, 6-8mm"
mini-lava-rock-12-15mm,"hardscape, rock, lava, mini, 12-15mm"
akadama-bonsai-soil-1-3mm-14l,"substrate, soil, akadama, bonsai, 14l, hardscape"
christmas-tree-bonsai-driftwood,"hardscape, driftwood, bonsai, tree, small"
dr0817b-s-wave-bonsai-driftwood,"hardscape, driftwood, bonsai, wave, small"
dr0817b-m-wave-bonsai-driftwood,"hardscape, driftwood, bonsai, wave, medium"
dr0817b-l-wave-bonsai-driftwood,"hardscape, driftwood, bonsai, wave, large"
dr0817a-s-weeping-bonsai-driftwood,"hardscape, driftwood, bonsai, weeping, small"
dr0817a-ms-weeping-bonsai-driftwood,"hardscape, driftwood, bonsai, weeping, medium"
dr0817-sss-bonsai-driftwood,"hardscape, driftwood, bonsai, tiny"
dr0817-ss-bonsai-driftwood,"hardscape, driftwood, bonsai, small"
dr0817-ms-bonsai-driftwood,"hardscape, driftwood, bonsai, medium-small"
dr0817-ml-bonsai-driftwood,"hardscape, driftwood, bonsai, medium-large"
bonsai-tree-driftwood-large,"hardscape, driftwood, bonsai, large"
spider-wood-20kg-bag,"hardscape, driftwood, spider-wood, branches, 20kg"
spider-wood-branches-15-30cm,"hardscape, driftwood, spider-wood, branches, medium"
cork-bark-origin-china-7-5kg,"hardscape, cork, bark, 7.5kg"
cork-tubes-origin-portugal-12kg,"hardscape, cork, tube, portugal, 12kg"
glow-in-dark-rocks-50pcs,"hardscape, rock, glow, luminous, 50pcs"
bg-30cm-double-side-9019-9063,"background, scenic, 15m, 30cm, hardscape"
bg-40cm-double-side-9019-9063,"background, scenic, 15m, 40cm, hardscape"
bg-50cm-double-side-9019-9063,"background, scenic, 15m, 50cm, hardscape"
bg-60cm-double-side-9019-9063,"background, scenic, 15m, 60cm, hardscape"
bg-70cm-double-side-9019-9063,"background, scenic, 15m, 70cm, hardscape"
bg-80cm-double-side-9019-9063,"background, scenic, 15m, 80cm, hardscape"
bg-30cm-double-side-9037-9057,"background, scenic, 15m, 30cm, hardscape"
bg-40cm-double-side-9037-9057,"background, scenic, 15m, 40cm, hardscape"
bg-50cm-double-side-9037-9057,"background, scenic, 15m, 50cm, hardscape"
bg-60cm-double-side-9037-9057,"background, scenic, 15m, 60cm, hardscape"
bg-70cm-double-side-9037-9057,"background, scenic, 15m, 70cm, hardscape"
bg-80cm-double-side-9037-9057,"background, scenic, 15m, 80cm, hardscape"
bg-30cm-double-side-9086-9087,"background, scenic, 15m, 30cm, hardscape"
bg-40cm-double-side-9086-9087,"background, scenic, 15m, 40cm, hardscape"
bg-50cm-double-side-9086-9087,"background, scenic, 15m, 50cm, hardscape"
bg-60cm-double-side-9086-9087,"background, scenic, 15m, 60cm, hardscape"
bg-70cm-double-side-9086-9087,"background, scenic, 15m, 70cm, hardscape"
bg-80cm-double-side-9086-9087,"background, scenic, 15m, 80cm, hardscape"
bg-30cm-double-side-9094-9095,"background, scenic, 15m, 30cm, blue, hardscape"
bg-40cm-double-side-9094-9095,"background, scenic, 15m, 40cm, blue, hardscape"
bg-50cm-double-side-9094-9095,"background, scenic, 15m, 50cm, blue, hardscape"
bg-60cm-double-side-9094-9095,"background, scenic, 15m, 60cm, blue, hardscape"
bg-70cm-double-side-9094-9095,"background, scenic, 15m, 70cm, blue, hardscape"
bg-80cm-double-side-9094-9095,"background, scenic, 15m, 80cm, blue, hardscape"
bg-30cm-double-side-9003-9028-white,"background, scenic, 15m, 30cm, white, hardscape"
bg-40cm-double-side-9003-9028-white,"background, scenic, 15m, 40cm, white, hardscape"
bg-50cm-double-side-9003-9028-white,"background, scenic, 15m, 50cm, white, hardscape"
bg-60cm-double-side-9003-9028-white,"background, scenic, 15m, 60cm, white, hardscape"
bg-70cm-double-side-9003-9028-white,"background, scenic, 15m, 70cm, white, hardscape"
bg-80cm-double-side-9003-9028-white,"background, scenic, 15m, 80cm, white, hardscape"
bg-30cm-double-side-9015-9017,"background, scenic, 15m, 30cm, marine, hardscape"
bg-40cm-double-side-9015-9017,"background, scenic, 15m, 40cm, marine, hardscape"
bg-50cm-double-side-9015-9017,"background, scenic, 15m, 50cm, marine, hardscape"
bg-60cm-double-side-9015-9017,"background, scenic, 15m, 60cm, marine, hardscape"
bg-70cm-double-side-9015-9017,"background, scenic, 15m, 70cm, marine, hardscape"
bg-80cm-double-side-9015-9017,"background, scenic, 15m, 80cm, marine, hardscape"
bg-30cm-double-side-8009-8010,"background, scenic, 15m, 30cm, hardscape"
bg-40cm-double-side-8009-8010,"background, scenic, 15m, 40cm, hardscape"
bg-50cm-double-side-8009-8010,"background, scenic, 15m, 50cm, hardscape"
bg-60cm-double-side-8009-8010,"background, scenic, 15m, 60cm, hardscape"
bg-70cm-double-side-8009-8010,"background, scenic, 15m, 70cm, hardscape"
bg-80cm-double-side-8009-8010,"background, scenic, 15m, 80cm, hardscape"
bg-30cm-double-side-8019-8020,"background, scenic, 15m, 30cm, natural, hardscape"
bg-40cm-double-side-8019-8020,"background, scenic, 15m, 40cm, natural, hardscape"
bg-50cm-double-side-8019-8020,"background, scenic, 15m, 50cm, natural, hardscape"
bg-60cm-double-side-8019-8020,"background, scenic, 15m, 60cm, natural, hardscape"
bg-70cm-double-side-8019-8020,"background, scenic, 15m, 70cm, natural, hardscape"
bg-80cm-double-side-8019-8020,"background, scenic, 15m, 80cm, natural, hardscape"
dr-tank-all-in-one-fertilizer-np-zero-250ml,"fertilizer, plant, dr-tank, all-in-one, 250ml, dr-tank-fertilizers"
dr-tank-complete-comprehensive-fertilizer-250ml,"fertilizer, plant, dr-tank, comprehensive, 250ml, dr-tank-fertilizers"
dr-tank-e1-method-fast-growth-250ml,"fertilizer, plant, dr-tank, e1, 250ml, dr-tank-fertilizers"
dr-tank-algae-lite-remover-250ml,"algae, treatment, dr-tank, lite, 250ml, dr-tank-fertilizers"
dr-tank-planarian-remover-100ml,"pest, treatment, dr-tank, planarian, 100ml, dr-tank-fertilizers"
dr-tank-snail-remover-100ml,"pest, treatment, dr-tank, snail, 100ml, dr-tank-fertilizers"
dr-tank-bba-remover,"algae, treatment, dr-tank, bba, black-brush, dr-tank-fertilizers"
dr-tank-staghorn-algae-remover,"algae, treatment, dr-tank, staghorn, dr-tank-fertilizers"
dr-tank-cladophora-algae-remover,"algae, treatment, dr-tank, cladophora, dr-tank-fertilizers"
dr-tank-bga-remover,"algae, treatment, dr-tank, bga, blue-green, dr-tank-fertilizers"
dr-tank-t1-biobacter-tabs,"bacteria, treatment, dr-tank, t1, tabs, dr-tank-fertilizers"
dr-tank-t2-chlorfree-tabs,"water, treatment, dr-tank, t2, tabs, dr-tank-fertilizers"
dr-tank-t3-2-co2-fertilizer-tabs-100pcs,"co2, fertilizer, dr-tank, t3, tabs, dr-tank-fertilizers"
dr-tank-t4-black-brush-algae-remover-tabs,"algae, treatment, dr-tank, t4, tabs, bba, dr-tank-fertilizers"
dr-tank-t5-algae-remover-tabs,"algae, treatment, dr-tank, t5, tabs, dr-tank-fertilizers"
dr-tank-t6-crystal-water-tabs,"water, treatment, dr-tank, t6, tabs, clarity, dr-tank-fertilizers"
dr-tank-t7-snail-remover-tabs,"pest, treatment, dr-tank, t7, tabs, snail, dr-tank-fertilizers"
dr-tank-t8-blue-green-algae-zero-tabs,"algae, treatment, dr-tank, t8, tabs, bga, dr-tank-fertilizers"
dr-tank-t9-planarian-zero-tabs,"pest, treatment, dr-tank, t9, tabs, planarian, dr-tank-fertilizers"
dr-tank-t12-white-spot-out-tabs,"health, treatment, dr-tank, t12, tabs, dr-tank-fertilizers"
dr-tank-t13-fish-waste-removal-tabs,"water, treatment, dr-tank, t13, tabs, waste, dr-tank-fertilizers"
dr-tank-exg50-fast-growth-tabs,"growth, treatment, dr-tank, exg50, tabs, dr-tank-fertilizers"
dr-tank-exv50-slower-growth-tabs,"growth, treatment, dr-tank, exv50, tabs, maintenance, dr-tank-fertilizers"
dr-tank-biobacteria-stick,"bacteria, treatment, dr-tank, stick, bio, dr-tank-fertilizers"
dr-tank-sprout-stick,"growth, treatment, dr-tank, stick, sprout, dr-tank-fertilizers"
dr-tank-vivid-stick,"color, treatment, dr-tank, stick, vivid, dr-tank-fertilizers"
dr-tank-iron-stick,"nutrient, treatment, dr-tank, stick, iron, dr-tank-fertilizers"
dr-tank-track-stick,"nutrient, treatment, dr-tank, stick, trace, dr-tank-fertilizers"
dr-tank-n-nitrogen-tabs,"nutrient, treatment, dr-tank, nitrogen, tabs, dr-tank-fertilizers"
voonline-vl071-special-detergent-200ml,"cleaning, maintenance, voonline, detergent, 200ml, voonline-crash"
voonline-vl050-aquarium-landscaping-sand,"substrate, sand, voonline, 1kg, voonline-crash"
voonline-vl051-aquarium-landscaping-sand,"substrate, sand, voonline, 1kg, voonline-crash"
voonline-vl052-aquarium-landscaping-sand,"substrate, sand, voonline, 1kg, voonline-crash"
voonline-vl053-aquarium-landscaping-rocks,"substrate, rocks, voonline, 1kg, voonline-crash"
voonline-vl054-aquarium-landscaping-sand,"substrate, sand, voonline, 1kg, voonline-crash"
voonline-vl120-aquarium-landscaping-rocks,"substrate, rocks, voonline, 1kg, voonline-crash"
voonline-vl248-aquarium-landscaping-rocks,"substrate, rocks, voonline, 2.5kg, voonline-crash"
voonline-vl197-black-lava-rocks,"substrate, rocks, lava, black, 1.5kg, voonline-crash"
voonline-vl198-red-lava-rocks,"substrate, rocks, lava, red, 1.5kg, new, voonline-crash"
voonline-vl082-digital-thermometer-sticker,"thermometer, digital, voonline, sticker, voonline-crash"
voonline-6in1-test-strips-50pcs,"water, testing, voonline, 6in1, 50pcs, voonline-crash"
voonline-vl030-black-cleaning-towel,"cleaning, cloth, voonline, 32x23, voonline-crash"
voonline-vl101-aquarium-mat-40x40cm,"mat, substrate, voonline, 40x40cm, 6mm, voonline-crash"
voonline-vl102-aquarium-mat-45x30cm,"mat, substrate, voonline, 45x30cm, 6mm, voonline-crash"
voonline-vl104-aquarium-mat-60x30cm,"mat, substrate, voonline, 60x30cm, 6mm, voonline-crash"
voonline-vl109-aquarium-mat-90x45cm,"mat, substrate, voonline, 90x45cm, 6mm, voonline-crash"
voonline-vl112-aquarium-mat-120x45cm,"mat, substrate, voonline, 120x45cm, 6mm, voonline-crash"
voonline-vl190-aquarium-anti-jump-net-small,"net, anti-jump, voonline, small, 55x60, voonline-crash"
voonline-vl191-aquarium-anti-jump-net-medium,"net, anti-jump, voonline, medium, 85x105, voonline-crash"
voonline-vl192-aquarium-anti-jump-net-large,"net, anti-jump, voonline, large, 105x168, voonline-crash"
voonline-vl256-aquarium-magnetic-anti-jump-net,"net, anti-jump, magnetic, voonline, 70x70, voonline-crash"
voonline-vl258-aquarium-magnetic-anti-jump-net,"net, anti-jump, magnetic, voonline, 130x70, voonline-crash"
voonline-vl188-mini-magnet-cleaner,"cleaner, magnet, voonline, 4-12mm, voonline-crash"
voonline-3in1-algae-scraper-42mm,"scraper, algae, voonline, 42mm, voonline-crash"
voonline-3in1-algae-scraper-62mm,"scraper, algae, voonline, 62mm, voonline-crash"
crash-aquatic-seed-a-mini-cow-hair-grass,"seeds, plant, crash, grass, 15g, voonline-crash"
crash-aquatic-seed-b-mini-pairs-of-leaves,"seeds, plant, crash, leaves, 15g, voonline-crash"
crash-aquatic-seed-c-round-leaves,"seeds, plant, crash, leaves, round, 15g, voonline-crash"
crash-aquatic-seed-d-colored-leaves,"seeds, plant, crash, leaves, color, 15g, voonline-crash"
crash-aquatic-seed-e-love-grass,"seeds, plant, crash, grass, love, 15g, voonline-crash"
freeze-dried-tubifex-worms-500ml,"food, live, tubifex, worms, freeze-dried, 500ml, voonline-crash"
voonline-freeze-dried-antarctic-krill,"food, live, krill, antarctic, freeze-dried, 3.5l, voonline-crash"
aquamaster-artemia-cysts-brine-shrimp-eggs-425g,"food, live, brine, shrimp, artemia, 425g, voonline-crash"
akwa-led-5w-white-blue,"led, akwa, 5w, white, blue"
akwa-led-5w-multi-colour,"led, akwa, 5w, multicolour"
akwa-dophin-clamp-led-mini-tank,"led, akwa, clamp, dophin, mini"
akwa-dophin-led-1088-rgb-35cm-12w,"led, akwa, dophin, rgb, 35cm, 12w"
akwa-dophin-led-1089-biolux-45cm-17w,"led, akwa, dophin, biolux, plant, 45cm"
akwa-dophin-led-1089-marine-45cm-17w,"led, akwa, dophin, marine, 45cm"
akwa-dophin-led-1089-rgb-45cm-17w,"led, akwa, dophin, rgb, 45cm, 17w"
akwa-dophin-led-1090-marine-60cm-20w,"led, akwa, dophin, marine, 60cm"
akwa-dophin-led-1090-rgb-60cm-20w,"led, akwa, dophin, rgb, 60cm, 20w"
akwa-fullgain-flat-led-10w-30cm,"led, akwa, fullgain, flat, 10w, 30cm"
akwa-fullgain-flat-led-14w-45cm,"led, akwa, fullgain, flat, 14w, 45cm"
akwa-fullgain-flat-led-18w-60cm,"led, akwa, fullgain, flat, 18w, 60cm"
akwa-fullgain-flat-led-22w-75cm,"led, akwa, fullgain, flat, 22w, 75cm"
akwa-fullgain-flat-led-26w-90cm,"led, akwa, fullgain, flat, 26w, 90cm"
akwa-ocean-max-led-t4-200-white-4w,"led, akwa, ocean-max, t4, white, 4w"
akwa-ocean-max-led-t4-200-blue-white-4w,"led, akwa, ocean-max, t4, blue-white, 4w"
akwa-ocean-max-led-t4-300-white-6w,"led, akwa, ocean-max, t4, white, 6w"
akwa-ocean-max-led-t4-300-blue-white-6w,"led, akwa, ocean-max, t4, blue-white, 6w"
akwa-ocean-max-led-t4-400-white-7-5w,"led, akwa, ocean-max, t4, white, 7.5w"
akwa-ocean-max-led-t4-400-blue-white-7-5w,"led, akwa, ocean-max, t4, blue-white, 7.5w"
akwa-ocean-max-led-t4-500-white-8w,"led, akwa, ocean-max, t4, white, 8w"
akwa-ocean-max-led-t4-500-blue-white-8w,"led, akwa, ocean-max, t4, blue-white, 8w"
akwa-ocean-max-led-t4-600-white-10w,"led, akwa, ocean-max, t4, white, 10w"
akwa-ocean-max-led-t4-600-blue-white-10w,"led, akwa, ocean-max, t4, blue-white, 10w"
akwa-ocean-max-led-t4-800-white-13-6w,"led, akwa, ocean-max, t4, white, 13.6w"
akwa-ocean-max-led-t4-800-blue-white-13-6w,"led, akwa, ocean-max, t4, blue-white, 13.6w"
akwa-ocean-max-led-t4-1000-white-16-5w,"led, akwa, ocean-max, t4, white, 16.5w"
akwa-ocean-max-led-t4-1000-blue-white-16-5w,"led, akwa, ocean-max, t4, blue-white, 16.5w"
akwa-dophin-25w-heater,"heater, akwa, dophin, 25w"
akwa-dophin-50w-heater,"heater, akwa, dophin, 50w"
akwa-dophin-100w-heater,"heater, akwa, dophin, 100w"
akwa-dophin-150w-heater-300mm,"heater, akwa, dophin, 150w, 300mm"
akwa-dophin-200w-heater-310mm,"heater, akwa, dophin, 200w, 310mm"
akwa-dophin-300w-heater-360mm,"heater, akwa, dophin, 300w, 360mm"
akwa-dophin-500w-heater,"heater, akwa, dophin, 500w"
akwa-sunsun-xrb-600w-heater,"heater, akwa, sunsun, xrb, 600w"
akwa-sunsun-xrb-1000w-heater,"heater, akwa, sunsun, xrb, 1000w"
akwa-ac-dc-air-pump-apq-505-510lh,"pump, air, akwa, apq, 510lh"
akwa-ac-dc-air-pump-apq-510-1020lh,"pump, air, akwa, apq, 1020lh"
akwa-ac-dc-air-pump-jt-203s-240lh,"pump, air, akwa, jt, 240lh"
akwa-gravel-cleaner-small-250mm,"cleaner, gravel, akwa, small, 250mm"
akwa-gravel-cleaner-large-350mm,"cleaner, gravel, akwa, large, 350mm"
akwa-dophin-magnetic-cleaner-small,"cleaner, magnet, akwa, dophin, small"
akwa-dophin-magnetic-cleaner-medium,"cleaner, magnet, akwa, dophin, medium"
akwa-dophin-magnetic-cleaner-large,"cleaner, magnet, akwa, dophin, large"
akwa-dophin-scraper-mc-101,"scraper, akwa, dophin, mc-101"
akwa-activated-carbon-500ml,"filter, media, carbon, akwa, 500ml"
akwa-activated-carbon-1l,"filter, media, carbon, akwa, 1l"
akwa-ceramic-noodles-500ml,"filter, media, ceramic, akwa, 500ml"
akwa-ceramic-noodles-1l,"filter, media, ceramic, akwa, 1l"
akwa-zeolite-ammonia-remover-500ml,"filter, media, zeolite, ammonia, 500ml, akwa"
akwa-zeolite-ammonia-remover-1l,"filter, media, zeolite, ammonia, 1l, akwa"
akwa-dophin-mini-tank-gt-8003-12l,"tank, akwa, dophin, mini, 12l"
